Genres,Film Count,Average Ratings
"Action,Adult,History",1,52
"Action,Adult,Mystery",1,83
"Action,Adult,Sport",1,67
"Action,Adult,Western",1,70
"Action,Animation,Game-Show",1,81
"Action,Biography,Game-Show",1,62
"Action,Biography,Musical",1,40
"Action,Biography,Reality-TV",1,70
"Action,Comedy,Talk-Show",1,67
"Action,Documentary,Mystery",1,83
"Action,Family,War",1,50
"Action,Fantasy,Game-Show",1,63
"Action,Fantasy,Reality-TV",1,63
"Action,Fantasy,Talk-Show",1,85
"Action,Game-Show,Horror",1,82
"Action,Game-Show,Sci-Fi",1,62
"Action,History,Reality-TV",1,76
"Action,Horror,Musical",1,85
"Action,Music,Thriller",1,37
"Action,Musical,Mystery",1,46
"Action,Musical,Western",1,68
"Action,Mystery,War",1,62
"Action,Mystery,Western",1,42
"Action,News,Reality-TV",1,42
"Action,Reality-TV,War",1,81
"Adult,Animation,Documentary",1,54
"Adult,Biography",1,77
"Adult,Biography,Romance",1,51
"Adult,Comedy,Reality-TV",1,70
"Adult,Crime,Sci-Fi",1,58
"Adult,Crime,Talk-Show",1,58
"Adult,Documentary,Horror",1,53
"Adult,Documentary,Music",1,58
"Adult,Documentary,Thriller",1,38
"Adult,Fantasy,History",1,42
"Adult,Fantasy,Music",1,78
"Adult,Fantasy,Thriller",1,62
"Adult,Fantasy,War",1,46
"Adult,Fantasy,Western",1,53
"Adult,Game-Show,Talk-Show",1,54
"Adult,Horror,Music",1,48
"Adult,Musical,Short",1,68
"Adult,Mystery,Sci-Fi",1,64
"Adult,Mystery,Short",1,56
"Adult,Mystery,War",1,67
"Adult,Reality-TV,Short",1,79
"Adult,Reality-TV,Talk-Show",1,65
"Adult,Romance,Western",1,52
"Adult,Short,Sport",1,73
"Adult,Sport,War",1,85
"Adventure,Animation,Thriller",1,82
"Adventure,Animation,War",1,83
"Adventure,Biography,Horror",1,59
"Adventure,Comedy,News",1,84
"Adventure,Crime,Music",1,61
"Adventure,Crime,News",1,86
"Adventure,Documentary,Talk-Show",1,90
"Adventure,Fantasy,Sport",1,80
"Adventure,Fantasy,Western",1,78
"Adventure,Film-Noir,Romance",1,66
"Adventure,Horror,Musical",1,38
"Adventure,Horror,Sport",1,53
"Adventure,Music,Thriller",1,75
"Adventure,Musical,War",1,58
"Adventure,Mystery,Sport",1,65
"Adventure,Reality-TV,Short",1,68
"Adventure,Reality-TV,Western",1,84
"Adventure,Talk-Show",1,87
"Adventure,Thriller,War",1,85
"Adventure,Thriller,Western",1,64
"Animation,Biography,Mystery",1,56
"Animation,Biography,News",1,54
"Animation,Crime,Music",1,69
"Animation,Crime,News",1,72
"Animation,Documentary,Talk-Show",1,75
"Animation,Drama,News",1,54
"Animation,Fantasy,War",1,81
"Animation,Game-Show,Horror",1,77
"Animation,History,News",1,71
"Animation,History,Sci-Fi",1,72
"Animation,Horror,News",1,53
"Animation,Musical,Reality-TV",1,93
"Animation,News,Sci-Fi",1,81
"Animation,Reality-TV,Short",1,79
"Biography,Comedy,Mystery",1,58
"Biography,Comedy,Thriller",1,66
"Biography,Crime,Fantasy",1,43
"Biography,Crime,Film-Noir",1,58
"Biography,Crime,Romance",1,68
"Biography,Crime,Short",1,61
"Biography,Drama,Film-Noir",1,58
"Biography,Drama,News",1,45
"Biography,Drama,Reality-TV",1,47
"Biography,Family,Fantasy",1,86
"Biography,Family,Game-Show",1,80
"Biography,Family,Mystery",1,89
"Biography,Family,News",1,74
"Biography,Fantasy,Sci-Fi",1,66
"Biography,History,Reality-TV",1,81
"Biography,History,Sci-Fi",1,72
"Biography,Horror,Sci-Fi",1,73
"Biography,Horror,Talk-Show",1,78
"Biography,Music,Mystery",1,49
"Biography,Music,Talk-Show",1,46
"Biography,Mystery,Short",1,72
"Biography,Reality-TV,Sport",1,26
"Biography,Short,Talk-Show",1,79
"Biography,Thriller,War",1,46
"Comedy,Crime,War",1,51
"Comedy,Family,News",1,73
"Comedy,Fantasy,Game-Show",1,90
"Comedy,Fantasy,Reality-TV",1,57
"Comedy,Fantasy,Talk-Show",1,85
"Comedy,Fantasy,Western",1,46
"Comedy,Film-Noir,Mystery",1,59
"Comedy,History,Western",1,92
"Comedy,Horror,War",1,55
"Comedy,Mystery,News",1,83
"Comedy,Mystery,Talk-Show",1,77
"Comedy,News,Sci-Fi",1,72
"Comedy,Sport,Thriller",1,47
"Comedy,Sport,War",1,26
"Comedy,Sport,Western",1,68
"Comedy,War,Western",1,59
"Crime,Documentary,Romance",1,69
"Crime,Documentary,Western",1,61
"Crime,Family,Fantasy",1,37
"Crime,Film-Noir,Horror",1,54
"Crime,Film-Noir,Sport",1,78
"Crime,Game-Show,Thriller",1,71
"Crime,History,Musical",1,61
"Crime,History,News",1,81
"Crime,History,Sci-Fi",1,86
"Crime,History,War",1,76
"Crime,Horror,Talk-Show",1,70
"Crime,Music,Musical",1,65
"Crime,Mystery,Sport",1,52
"Crime,Mystery,War",1,70
"Crime,Mystery,Western",1,58
"Crime,News,Talk-Show",1,72
"Crime,Reality-TV,Talk-Show",1,47
"Crime,Reality-TV,Thriller",1,73
"Crime,Romance,Western",1,57
"Crime,Short,War",1,65
"Crime,Sport,Thriller",1,52
"Documentary,Drama,Game-Show",1,86
"Documentary,Drama,Talk-Show",1,53
"Documentary,Family,Horror",1,72
"Documentary,Family,Sci-Fi",1,63
"Documentary,Fantasy,Musical",1,67
"Documentary,Fantasy,Reality-TV",1,92
"Documentary,Fantasy,Sport",1,64
"Documentary,Fantasy,Thriller",1,97
"Documentary,Game-Show,History",1,73
"Documentary,Game-Show,News",1,85
"Documentary,Horror,Musical",1,63
"Documentary,Horror,Romance",1,62
"Documentary,Horror,Talk-Show",1,88
"Documentary,Music,Sci-Fi",1,87
"Documentary,Music,Western",1,77
"Documentary,Musical,Mystery",1,70
"Documentary,Musical,Reality-TV",1,92
"Documentary,Musical,Sport",1,61
"Documentary,Musical,Thriller",1,87
"Documentary,Mystery,Sport",1,77
"Documentary,News,Sci-Fi",1,91
"Documentary,Reality-TV,Sci-Fi",1,82
"Documentary,Reality-TV,Thriller",1,61
"Documentary,Reality-TV,War",1,80
"Documentary,Romance,Sci-Fi",1,83
"Documentary,Sci-Fi,Thriller",1,75
"Documentary,Sport,Thriller",1,80
"Documentary,Thriller,War",1,74
"Drama,Family,Game-Show",1,17
"Drama,Family,Talk-Show",1,64
"Drama,Fantasy,Film-Noir",1,71
"Drama,Fantasy,News",1,81
"Drama,Fantasy,Reality-TV",1,69
"Drama,Game-Show,Sci-Fi",1,100
"Drama,History,Reality-TV",1,59
"Drama,Horror,Sport",1,51
"Drama,Horror,Talk-Show",1,62
"Drama,Music,Sport",1,56
"Drama,Music,Talk-Show",1,57
"Drama,Musical,Reality-TV",1,72
"Drama,News,Sci-Fi",1,87
"Drama,News,Thriller",1,61
"Drama,News,War",1,52
"Drama,Short,Talk-Show",1,62
"Drama,Talk-Show,War",1,64
"Family,Fantasy,Reality-TV",1,64
"Family,Game-Show,Musical",1,57
"Family,History,Horror",1,74
"Family,History,News",1,88
"Family,History,Sport",1,88
"Family,History,Talk-Show",1,85
"Family,Horror,Romance",1,54
"Family,Horror,War",1,48
"Family,Music,Mystery",1,38
"Family,Musical,Sport",1,74
"Family,Musical,Talk-Show",1,57
"Family,Musical,Western",1,53
"Family,Mystery,Romance",1,68
"Family,News,Short",1,86
"Family,Reality-TV,Romance",1,68
"Family,Reality-TV,Western",1,68
"Family,Sci-Fi,Sport",1,58
"Family,Short,Thriller",1,55
"Family,Sport,Talk-Show",1,61
"Fantasy,Game-Show",1,64
"Fantasy,Game-Show,Reality-TV",1,82
"Fantasy,History,Musical",1,64
"Fantasy,Horror,Sport",1,70
"Fantasy,Horror,War",1,60
"Fantasy,Horror,Western",1,58
"Fantasy,Musical,Western",1,37
"Fantasy,Mystery,News",1,51
"Fantasy,Mystery,War",1,57
"Fantasy,Reality-TV,Sci-Fi",1,70
"Fantasy,Sci-Fi,Sport",1,70
"Fantasy,Sci-Fi,Talk-Show",1,84
"Fantasy,Sci-Fi,War",1,78
"Fantasy,Short,Sport",1,61
"Fantasy,Short,War",1,65
"Film-Noir,Horror",1,47
"Film-Noir,Horror,Mystery",1,60
"Film-Noir,Horror,Sci-Fi",1,73
"Film-Noir,Horror,Thriller",1,67
"Film-Noir,Mystery,Romance",1,63
"Game-Show,History,Music",1,90
"Game-Show,History,Reality-TV",1,66
"Game-Show,Horror,Mystery",1,48
"Game-Show,Musical,Reality-TV",1,76
"Game-Show,Mystery,News",1,84
"Game-Show,Mystery,Short",1,70
"Game-Show,Sport,Western",1,83
"History,Horror,Music",1,71
"History,Horror,War",1,65
"History,Music,Musical",1,82
"History,Music,News",1,92
"History,Musical,Short",1,60
"History,Mystery,News",1,79
"History,Romance,Thriller",1,47
"History,Romance,Western",1,58
"History,Sport,Thriller",1,62
"History,Talk-Show,War",1,71
"History,War,Western",1,56
"Horror,Musical,Romance",1,50
"Horror,News",1,83
"Horror,Reality-TV,Sci-Fi",1,48
"Horror,Reality-TV,Short",1,54
"Horror,Romance,Western",1,46
"Horror,Sci-Fi,Talk-Show",1,67
"Horror,Sci-Fi,War",1,53
"Horror,Short,Talk-Show",1,84
"Music,News,Short",1,82
"Music,Romance,Thriller",1,65
"Music,Romance,Western",1,54
"Music,Short,War",1,57
"Music,Sport,Talk-Show",1,72
"Musical,Mystery,Sci-Fi",1,62
"Musical,News,Reality-TV",1,69
"Musical,Sci-Fi,Thriller",1,57
"Mystery,News",1,79
"Mystery,Reality-TV,Romance",1,62
"Mystery,Sci-Fi,Talk-Show",1,91
"Mystery,Short,Sport",1,48
"Mystery,Short,War",1,53
"Mystery,Sport",1,59
"Mystery,Sport,Western",1,66
"Mystery,Thriller,War",1,72
"News,Romance",1,75
"News,Short,War",1,27
"News,Sport,War",1,73
"Reality-TV,Romance,Talk-Show",1,53
"Reality-TV,Sci-Fi,Short",1,73
"Reality-TV,Short,Sport",1,83
"Reality-TV,Sport,Talk-Show",1,69
"Reality-TV,Talk-Show,Western",1,82
"Romance,Talk-Show",1,51
"Sci-Fi,Thriller,War",1,32
"Short,Sport,Talk-Show",1,71
"Short,Sport,Western",1,54
"Action,Adult,Horror",2,50
"Action,Adult,Short",2,55
"Action,Animation,Musical",2,62
"Action,Biography,Fantasy",2,74.5
"Action,Biography,Thriller",2,69
"Action,Biography,War",2,64.5
"Action,Documentary,News",2,73.5
"Action,History,Musical",2,73.5
"Action,History,Sci-Fi",2,60.5
"Action,Horror,Music",2,61
"Action,Music,Western",2,48
"Action,News",2,51.5
"Action,News,Sport",2,65.5
"Action,Reality-TV,Sci-Fi",2,65
"Action,Sport,War",2,60.5
"Action,Talk-Show",2,81
"Adult,Adventure,Short",2,69
"Adult,Animation,Mystery",2,53
"Adult,Biography,Comedy",2,52
"Adult,Comedy,History",2,61
"Adult,Comedy,Talk-Show",2,59
"Adult,Comedy,War",2,62
"Adult,Crime,Short",2,44
"Adult,Documentary,Reality-TV",2,76
"Adult,Documentary,Romance",2,63.5
"Adult,Drama,Musical",2,59
"Adult,Fantasy,Short",2,49
"Adult,History,Romance",2,59.5
"Adult,Music,Romance",2,63.5
"Adult,Talk-Show",2,56
"Adventure,Animation,Game-Show",2,67.5
"Adventure,Biography,Family",2,59.5
"Adventure,Biography,Fantasy",2,81.5
"Adventure,Comedy,Talk-Show",2,68
"Adventure,Crime,Musical",2,74
"Adventure,Crime,War",2,62
"Adventure,Documentary,Thriller",2,63
"Adventure,Drama,News",2,78.5
"Adventure,History,Thriller",2,64.5
"Adventure,History,Western",2,65
"Adventure,Horror,Music",2,76.5
"Adventure,Horror,Western",2,58
"Adventure,Reality-TV,Sci-Fi",2,79
"Adventure,Reality-TV,Sport",2,54.5
"Adventure,Reality-TV,Talk-Show",2,61
"Adventure,Sci-Fi,Sport",2,64
"Adventure,Sci-Fi,War",2,51
"Adventure,Sci-Fi,Western",2,36
"Adventure,War,Western",2,49.5
"Animation,Biography,Sci-Fi",2,60.5
"Animation,Comedy,Thriller",2,65.5
"Animation,Crime,Sci-Fi",2,57
"Animation,Documentary,Horror",2,68
"Animation,Family,Reality-TV",2,63.5
"Animation,Family,Talk-Show",2,79
"Animation,History,Musical",2,66.5
"Animation,History,War",2,78
"Animation,Horror,Musical",2,74
"Animation,Music,Mystery",2,54
"Animation,Musical,Sci-Fi",2,69.5
"Animation,Musical,Sport",2,56
"Animation,News",2,57.5
"Animation,Sci-Fi,Thriller",2,68.5
"Animation,Short,Talk-Show",2,61
"Animation,Western",2,68.5
"Biography,Comedy,News",2,77
"Biography,Comedy,War",2,87.5
"Biography,Family,Musical",2,68.5
"Biography,Family,Sport",2,67.5
"Biography,Fantasy,History",2,72
"Biography,Fantasy,Horror",2,59
"Biography,Fantasy,Mystery",2,48.5
"Biography,History,Horror",2,66.5
"Biography,History,Sport",2,71
"Biography,History,Thriller",2,61
"Biography,History,Western",2,68.5
"Biography,Horror",2,44
"Biography,Horror,Short",2,88.5
"Biography,Horror,Thriller",2,60
"Biography,Romance,War",2,67.5
"Biography,Short,Western",2,55.5
"Biography,Sport,Talk-Show",2,76.5
"Comedy,Documentary,Thriller",2,62
"Comedy,Drama,Film-Noir",2,65
"Comedy,Game-Show,Romance",2,72.5
"Comedy,Mystery,Reality-TV",2,70.5
"Comedy,Mystery,Sport",2,70.5
"Comedy,Sci-Fi,Sport",2,63.5
"Crime,Documentary,Fantasy",2,62.5
"Crime,Family,Horror",2,66.5
"Crime,Family,Musical",2,81.5
"Crime,Family,Romance",2,67
"Crime,Fantasy,History",2,69.5
"Crime,Fantasy,Musical",2,65
"Crime,Game-Show,Mystery",2,76
"Crime,Musical,Short",2,86
"Crime,Mystery,News",2,74
"Crime,News,Reality-TV",2,56.5
"Crime,News,Short",2,56
"Crime,Romance,Sci-Fi",2,43
"Crime,Sport",2,72.5
"Crime,Thriller,War",2,66.5
"Documentary,Family,Mystery",2,72.5
"Documentary,Horror,News",2,82.5
"Documentary,Music,Thriller",2,68
"Documentary,Musical,War",2,77
"Documentary,News,Thriller",2,56.5
"Documentary,Sci-Fi,Sport",2,78.5
"Documentary,Sci-Fi,Talk-Show",2,77.5
"Documentary,Sport,Western",2,83
"Documentary,Talk-Show,Thriller",2,56
"Drama,Horror,News",2,71
"Drama,Musical,Talk-Show",2,67
"Drama,Reality-TV,Short",2,76
"Drama,Reality-TV,Sport",2,70.5
"Family,Fantasy,Western",2,51
"Family,Game-Show,History",2,68
"Family,History,Romance",2,82.5
"Family,History,Sci-Fi",2,64.5
"Family,History,War",2,87
"Family,Horror,Music",2,67
"Family,Horror,Thriller",2,53.5
"Family,Musical,News",2,68.5
"Family,Musical,Sci-Fi",2,70.5
"Family,Mystery,Sport",2,61.5
"Family,Mystery,Thriller",2,59.5
"Family,Romance,Sci-Fi",2,59.5
"Family,Romance,Sport",2,58.5
"Family,Short,War",2,72.5
"Family,Short,Western",2,77
"Fantasy,History,War",2,69.5
"Film-Noir,Thriller",2,71.5
"Game-Show,History",2,71
"Game-Show,Music,Mystery",2,41.5
"Game-Show,News",2,61
"Game-Show,News,Talk-Show",2,43
"History,Horror,Musical",2,67.5
"History,Horror,Romance",2,89.5
"History,Music,Romance",2,61.5
"History,Mystery,Reality-TV",2,70.5
"History,Mystery,Romance",2,72.5
"History,News,Talk-Show",2,67
"History,Romance,Sci-Fi",2,67.5
"History,Short,Talk-Show",2,73
"History,Short,Western",2,49.5
"Horror,Music,Musical",2,54.5
"Horror,Mystery,Talk-Show",2,81.5
"Horror,News,Talk-Show",2,69.5
"Horror,Reality-TV,Thriller",2,63.5
"Horror,Sci-Fi,Western",2,35.5
"Horror,Sport,Thriller",2,43
"Music,Musical,Sci-Fi",2,65.5
"Music,Mystery,Sci-Fi",2,70.5
"Music,News,Sport",2,74.5
"Music,Romance,Sport",2,62.5
"Music,Sci-Fi,Thriller",2,50
"Music,War",2,93
"Musical,Romance,Sci-Fi",2,85
"Musical,Romance,Sport",2,63.5
"Mystery,Romance,Sport",2,58.5
"Mystery,Romance,War",2,61.5
"Mystery,Short,Western",2,61
"Mystery,Thriller,Western",2,60
"News,Reality-TV,Sport",2,83
"Romance,Short,Sport",2,71
"Sci-Fi,Short,Sport",2,74.5
"Short,Sport,Thriller",2,69
"Short,War,Western",2,61
"Sport,War",2,65
"War,Western",2,48.5
"Action,Adult,War",3,65.3333333333333
"Action,Comedy,News",3,75.6666666666667
"Action,Documentary,Music",3,70
"Action,Documentary,Sci-Fi",3,70.3333333333333
"Action,Drama,Film-Noir",3,63.6666666666667
"Action,Family,Musical",3,62.3333333333333
"Action,Fantasy,Western",3,48.3333333333333
"Action,History,Western",3,73
"Action,Horror,Sport",3,48.6666666666667
"Action,Musical,Sci-Fi",3,66
"Action,Musical,War",3,65.6666666666667
"Action,Reality-TV,Short",3,70.6666666666667
"Adult,Comedy,Thriller",3,54.3333333333333
"Adult,Drama,Western",3,60
"Adult,Musical",3,49.3333333333333
"Adult,Romance,Thriller",3,56
"Adventure,Animation,Western",3,54.6666666666667
"Adventure,Biography,Romance",3,61.3333333333333
"Adventure,Biography,Short",3,77.3333333333333
"Adventure,Biography,War",3,62
"Adventure,Crime,Western",3,53
"Adventure,Musical,Sci-Fi",3,71
"Adventure,Mystery,War",3,53.3333333333333
"Adventure,Mystery,Western",3,57.3333333333333
"Adventure,News",3,82.6666666666667
"Adventure,Romance,Sport",3,63
"Animation,Crime",3,72.6666666666667
"Animation,Documentary,Mystery",3,77.6666666666667
"Animation,History,Romance",3,76
"Animation,Reality-TV",3,76
"Animation,Sci-Fi,Sport",3,75.3333333333333
"Biography,Family,Music",3,65.6666666666667
"Biography,Fantasy,Music",3,66
"Biography,History,Musical",3,85.6666666666667
"Biography,Horror,Mystery",3,63.6666666666667
"Biography,Music,Reality-TV",3,85.3333333333333
"Biography,Musical,Romance",3,61.6666666666667
"Biography,Musical,Short",3,64.3333333333333
"Biography,Reality-TV,Short",3,69.3333333333333
"Biography,Western",3,60.3333333333333
"Comedy,Crime,News",3,71
"Comedy,Game-Show,Sci-Fi",3,77.3333333333333
"Comedy,History,News",3,75.3333333333333
"Comedy,History,Sport",3,67.6666666666667
"Comedy,Horror,News",3,78.6666666666667
"Comedy,Music,Thriller",3,58.6666666666667
"Comedy,Reality-TV,Thriller",3,78.6666666666667
"Comedy,Thriller,War",3,57.3333333333333
"Crime,Documentary,Talk-Show",3,79
"Crime,Drama,Talk-Show",3,86.3333333333333
"Crime,Family,Music",3,61.3333333333333
"Crime,Film-Noir",3,60
"Crime,History,Horror",3,62.3333333333333
"Crime,Music",3,54.3333333333333
"Crime,Music,Romance",3,68.3333333333333
"Crime,Music,Short",3,68
"Crime,Musical,Thriller",3,58
"Documentary,Family,Talk-Show",3,60.6666666666667
"Documentary,Family,Western",3,77
"Documentary,Fantasy,Sci-Fi",3,61.3333333333333
"Documentary,Horror,War",3,60.6666666666667
"Documentary,Musical,Romance",3,45.3333333333333
"Documentary,Mystery,News",3,70
"Documentary,News,Romance",3,72.3333333333333
"Documentary,War,Western",3,68
"Drama,Family,News",3,73.3333333333333
"Drama,Music,News",3,69.6666666666667
"Drama,Musical,Sci-Fi",3,53.6666666666667
"Drama,Musical,Sport",3,69.6666666666667
"Drama,Mystery,News",3,66
"Drama,News,Romance",3,79.6666666666667
"Family,Game-Show,Romance",3,92.6666666666667
"Family,History,Musical",3,72
"Family,History,Reality-TV",3,75
"Family,Music,Sport",3,81.3333333333333
"Family,Musical,Reality-TV",3,68.3333333333333
"Family,News,Sport",3,71
"Family,Romance,Thriller",3,68
"Fantasy,Game-Show,Horror",3,81.6666666666667
"Fantasy,History,Music",3,75.6666666666667
"Film-Noir,Mystery,Thriller",3,62.6666666666667
"Game-Show,Music,Musical",3,67.3333333333333
"History,Romance,Short",3,88.3333333333333
"History,Sci-Fi,Thriller",3,58.6666666666667
"History,Short,Sport",3,60.3333333333333
"Horror,Music,Romance",3,81
"Horror,Mystery,Western",3,54.6666666666667
"Music,News,Reality-TV",3,58
"Music,Short,Talk-Show",3,72.3333333333333
"Music,Thriller",3,59.3333333333333
"Music,Western",3,62
"Musical,Mystery",3,47.6666666666667
"Musical,Mystery,Thriller",3,69
"Musical,Short,Thriller",3,78
"Musical,Sport",3,67.6666666666667
"Musical,War",3,62.3333333333333
"News,Reality-TV,Short",3,74.6666666666667
"Action,Adventure,News",4,60.5
"Action,Animation,War",4,74.25
"Action,Biography,Short",4,79.5
"Action,Crime,War",4,68.25
"Action,Crime,Western",4,64.5
"Action,Family,Game-Show",4,69
"Action,Family,Horror",4,40.5
"Action,Family,Mystery",4,60
"Action,Family,Western",4,77.5
"Action,History,Horror",4,56.25
"Action,Musical,Short",4,79.25
"Adult,Adventure,Mystery",4,68.75
"Adult,Documentary,History",4,58.75
"Adult,Romance,Sport",4,66.25
"Adult,Sci-Fi,Short",4,79
"Adventure,Documentary,War",4,76.5
"Adventure,Documentary,Western",4,72.75
"Adventure,Musical,Short",4,70.25
"Adventure,Reality-TV,Romance",4,69.25
"Adventure,Romance,Western",4,59.75
"Adventure,Short,War",4,71
"Animation,Biography,Music",4,54.5
"Animation,Documentary,War",4,75.5
"Animation,History,Horror",4,64
"Animation,News,Short",4,64.75
"Biography,Comedy,Family",4,72.5
"Biography,Drama,Sci-Fi",4,56
"Biography,Music,Musical",4,62.25
"Biography,News",4,69.5
"Biography,Sci-Fi",4,62.25
"Biography,Short,War",4,60.75
"Comedy,History,Horror",4,47.5
"Comedy,Musical,News",4,73.75
"Comedy,Musical,Thriller",4,60.75
"Comedy,Sci-Fi,War",4,73
"Crime,Family,Short",4,59.75
"Crime,Family,Thriller",4,68.25
"Crime,Music,Thriller",4,56
"Crime,Western",4,69.5
"Documentary,Mystery,Thriller",4,73.75
"Documentary,Romance,War",4,74.25
"Drama,Film-Noir,Music",4,64.5
"Drama,News",4,67.25
"Family,Game-Show,Horror",4,74.75
"Family,Musical,Mystery",4,69.25
"Family,Mystery,Short",4,70.75
"Family,News,Reality-TV",4,59.75
"Fantasy,Talk-Show",4,85.5
"Game-Show,Sport,Talk-Show",4,68.75
"History,News,Short",4,62.25
"History,Thriller,War",4,49.25
"History,Western",4,66.25
"Horror,Musical,Mystery",4,67
"Horror,Sport",4,51
"Music,Musical,Talk-Show",4,56
"Music,Mystery,Thriller",4,63.25
"Music,Romance,War",4,60.75
"Music,Short,Western",4,61.75
"Musical,Romance,War",4,62.5
"Musical,Short,Western",4,60
"Musical,Talk-Show",4,64
"Mystery,War",4,56.5
"Romance,Thriller,War",4,76.75
"Sci-Fi,Short,Talk-Show",4,78
"Action,Adult,Thriller",5,67.8
"Action,Documentary,Fantasy",5,71.4
"Action,Family,Romance",5,58
"Action,History,Mystery",5,59.8
"Action,Thriller,Western",5,69.2
"Adult,Animation,Crime",5,54.2
"Adult,Biography,Drama",5,55.8
"Adult,Comedy,Sport",5,64
"Adult,Drama,Music",5,65.4
"Adult,Horror,Romance",5,64
"Adult,War",5,69.8
"Adventure,Documentary,Fantasy",5,70
"Adventure,Documentary,Sci-Fi",5,61
"Adventure,Drama,Film-Noir",5,62.6
"Adventure,Family,Thriller",5,66.8
"Adventure,History,Mystery",5,62.8
"Adventure,History,Sci-Fi",5,66.4
"Adventure,Music,Musical",5,77.4
"Adventure,Music,Sci-Fi",5,60.2
"Adventure,Short,Sport",5,75.8
"Animation,Biography,Crime",5,73.2
"Biography,Comedy,Reality-TV",5,55.8
"Biography,Documentary,Game-Show",5,70.4
"Biography,Fantasy",5,77.2
"Comedy,Family,War",5,61.2
"Comedy,Fantasy,Sport",5,63.4
"Comedy,History,Reality-TV",5,77.2
"Comedy,Horror,Sport",5,50
"Comedy,Reality-TV,Sci-Fi",5,73
"Crime,Fantasy,Sci-Fi",5,65
"Crime,Film-Noir,Romance",5,66
"Crime,News,Thriller",5,73.2
"Documentary,Music,Mystery",5,71.4
"Drama,Fantasy,Sport",5,76.8
"Drama,Sci-Fi,Sport",5,60.6
"Drama,Sci-Fi,Western",5,59.4
"Family,Fantasy,War",5,78
"Family,History,Music",5,78.4
"Family,History,Short",5,71.4
"Family,Music,News",5,76.2
"Family,Music,Talk-Show",5,62.8
"Family,Reality-TV,Short",5,61.6
"Fantasy,Music,Mystery",5,72.8
"Fantasy,Music,Sci-Fi",5,71.4
"Fantasy,Musical,Mystery",5,72
"Game-Show,Mystery",5,65.6
"History,Mystery,Sci-Fi",5,75.4
"History,Sci-Fi,Short",5,68.6
"History,Sport",5,75.2
"Music,Mystery",5,58.2
"Music,Mystery,Romance",5,80
"Musical,Romance,Western",5,62
"Mystery,Western",5,59.2
"Romance,Short,War",5,74.2
"Sport,Thriller",5,44.6
"Action,Family,Music",6,72.6666666666667
"Action,Fantasy,Music",6,73.1666666666667
"Action,Fantasy,Musical",6,64.8333333333333
"Action,Romance,Sport",6,45.5
"Adult,Adventure,Horror",6,59.5
"Adult,Biography,Documentary",6,60.3333333333333
"Adult,History",6,60.1666666666667
"Adult,Horror,Mystery",6,55.6666666666667
"Adult,Sci-Fi,Thriller",6,67.5
"Adventure,Documentary,Romance",6,70.1666666666667
"Adventure,Family,War",6,62
"Adventure,Music,Short",6,66.6666666666667
"Animation,Comedy,Game-Show",6,70.3333333333333
"Animation,Comedy,War",6,64.3333333333333
"Animation,Documentary,Musical",6,70.8333333333333
"Animation,History,Music",6,72.6666666666667
"Animation,Talk-Show",6,57.1666666666667
"Animation,Thriller",6,66.5
"Biography,Comedy,Fantasy",6,66.5
"Biography,Comedy,Sci-Fi",6,68.1666666666667
"Biography,Crime,Horror",6,47.1666666666667
"Biography,Crime,Reality-TV",6,91.8333333333333
"Biography,Crime,Thriller",6,60.8333333333333
"Biography,Documentary,Thriller",6,69.6666666666667
"Biography,Family,History",6,70.6666666666667
"Biography,Family,Short",6,74.8333333333333
"Biography,Fantasy,Short",6,77.3333333333333
"Biography,History,Talk-Show",6,77.1666666666667
"Biography,Romance,Short",6,71
"Biography,Thriller",6,64.6666666666667
"Comedy,Game-Show,Short",6,68.3333333333333
"Comedy,Horror,Western",6,48
"Comedy,Music,War",6,53
"Crime,History,Short",6,65.1666666666667
"Crime,Horror,Musical",6,49.8333333333333
"Crime,Musical,Mystery",6,66.1666666666667
"Crime,Musical,Romance",6,66.8333333333333
"Crime,War",6,66.3333333333333
"Documentary,Fantasy,Music",6,57.1666666666667
"Documentary,Horror,Music",6,73
"Documentary,Short,Thriller",6,70.1666666666667
"Drama,History,News",6,71.6666666666667
"Drama,Horror,War",6,66.6666666666667
"Drama,Musical,Western",6,63.3333333333333
"Drama,News,Reality-TV",6,70.6666666666667
"Family,Fantasy,Sport",6,58
"Family,Horror,Sci-Fi",6,52.8333333333333
"Family,Reality-TV,Sport",6,64
"Fantasy,Western",6,50.3333333333333
"History,Mystery,Short",6,65.6666666666667
"Horror,Musical,Sci-Fi",6,62.1666666666667
"Musical,Sci-Fi,Short",6,71.1666666666667
"Short,Thriller,War",6,73.6666666666667
"Thriller,Western",6,63
"Action,Crime,Film-Noir",7,66.2857142857143
"Action,Crime,Music",7,56
"Action,Drama,Reality-TV",7,78.7142857142857
"Action,Fantasy,Sport",7,65.7142857142857
"Action,Music,Romance",7,65
"Action,Musical,Thriller",7,58.8571428571429
"Adult,Animation,Sci-Fi",7,63.1428571428571
"Adult,Drama,Sport",7,51.8571428571429
"Adult,Drama,War",7,60.5714285714286
"Adventure,Music,Romance",7,59.1428571428571
"Adventure,Short,Western",7,60.1428571428571
"Animation,Biography,Fantasy",7,71.4285714285714
"Animation,Family,Western",7,63.7142857142857
"Animation,Game-Show",7,71.7142857142857
"Animation,Horror,Romance",7,67.7142857142857
"Biography,Comedy,Horror",7,66.7142857142857
"Biography,Documentary,Western",7,67.7142857142857
"Biography,Family",7,63
"Comedy,History,Mystery",7,69.8571428571429
"Comedy,Romance,Talk-Show",7,56
"Crime,Horror,Music",7,64.5714285714286
"Crime,Thriller,Western",7,65.1428571428571
"Documentary,Family,Fantasy",7,74.8571428571429
"Documentary,Family,War",7,70.8571428571429
"Documentary,History,Musical",7,69.7142857142857
"Drama,Film-Noir,Horror",7,61.2857142857143
"Drama,Film-Noir,Sport",7,68.2857142857143
"Drama,Game-Show,Music",7,75.2857142857143
"Drama,Horror,Reality-TV",7,74.2857142857143
"Drama,Reality-TV,Talk-Show",7,60.8571428571429
"Drama,Sport,War",7,71.7142857142857
"Family,Fantasy,Game-Show",7,73.5714285714286
"Family,Game-Show,Talk-Show",7,62.5714285714286
"Fantasy,Horror,Musical",7,57.4285714285714
"Film-Noir,Mystery",7,62.2857142857143
"History,Horror,Thriller",7,47.4285714285714
"History,Music",7,75.5714285714286
"History,Musical,Romance",7,71.8571428571429
"History,Sci-Fi",7,67
"Music,Reality-TV,Talk-Show",7,48.5714285714286
"Music,Short,Thriller",7,86.5714285714286
"Musical,Mystery,Romance",7,65.8571428571429
"Sci-Fi,Short,War",7,66.7142857142857
"Action,Adult,Fantasy",8,52.5
"Action,Documentary,Reality-TV",8,81
"Action,Family,Thriller",8,56.625
"Action,Game-Show",8,64.75
"Action,Horror,War",8,51.125
"Adult,Comedy,Documentary",8,61.5
"Adventure,Crime,Sci-Fi",8,52.25
"Adventure,Documentary,Game-Show",8,72.625
"Adventure,Fantasy,Thriller",8,58.75
"Animation,Comedy,Reality-TV",8,74
"Animation,Musical,Romance",8,74.375
"Biography,History,Music",8,75.875
"Biography,History,News",8,65.5
"Comedy,News,Reality-TV",8,72.25
"Crime,Documentary,Family",8,66.375
"Crime,Game-Show",8,63.875
"Crime,Music,Mystery",8,54.25
"Crime,Short,Western",8,64.5
"Documentary,Music,Romance",8,71.25
"Drama,Fantasy,Western",8,60.875
"Fantasy,History,Short",8,67.125
"Fantasy,Short,Western",8,68
"Game-Show,Musical",8,53.75
"History,Music,Short",8,69.875
"History,Short,Thriller",8,82.375
"Music,Sci-Fi",8,70.75
"Musical,Mystery,Short",8,76.75
"Musical,Romance,Thriller",8,65.625
"Sci-Fi,Short,Western",8,70
"Sci-Fi,War",8,68.375
"Action,Fantasy,War",9,56.4444444444444
"Action,Romance,Western",9,54.6666666666667
"Adult,Adventure,Crime",9,58.8888888888889
"Adult,Adventure,Sci-Fi",9,60.5555555555556
"Adult,Drama,Sci-Fi",9,59.2222222222222
"Adult,Mystery,Thriller",9,62.5555555555556
"Adventure,Biography",9,66.4444444444444
"Adventure,Crime,History",9,64.3333333333333
"Adventure,Crime,Short",9,62.5555555555556
"Adventure,Drama,Reality-TV",9,83.5555555555556
"Adventure,Horror,Romance",9,60
"Adventure,Musical,Romance",9,58.7777777777778
"Adventure,Romance,Thriller",9,60.8888888888889
"Adventure,Romance,War",9,55.6666666666667
"Animation,Comedy,Western",9,57.4444444444444
"Animation,Mystery,Romance",9,70.5555555555556
"Biography,Comedy,Sport",9,78.4444444444444
"Biography,Comedy,Talk-Show",9,82.6666666666667
"Biography,Music,Romance",9,67
"Comedy,Documentary,War",9,67.1111111111111
"Comedy,Music,Western",9,55.1111111111111
"Documentary,Family,Romance",9,70.6666666666667
"Documentary,Sport,War",9,76.8888888888889
"Family,Horror,Short",9,71.8888888888889
"Family,Sci-Fi,Short",9,72.1111111111111
"Family,War",9,66.8888888888889
"Fantasy,History,Thriller",9,71.6666666666667
"History,Musical",9,64.4444444444444
"History,Reality-TV,War",9,74.8888888888889
"History,Romance,War",9,68
"Horror,Music,Sci-Fi",9,61.1111111111111
"Horror,Short,War",9,73.7777777777778
"Music,Reality-TV,Short",9,63.5555555555556
"Music,Short,Sport",9,74.6666666666667
"Musical,Thriller",9,62.1111111111111
"Action,Adult,Romance",10,63.7
"Action,Adult,Sci-Fi",10,63
"Action,Crime,Family",10,63.7
"Action,Music,Short",10,74.2
"Action,Musical",10,65.1
"Action,Romance,War",10,59.7
"Adult,Comedy,Music",10,59.2
"Adult,Comedy,Musical",10,58.5
"Adult,Fantasy,Sci-Fi",10,58.9
"Adventure,Fantasy,Reality-TV",10,72.7
"Comedy,Family,Thriller",10,63.3
"Crime,History,Reality-TV",10,69.8
"Crime,History,Thriller",10,65.6
"Crime,News",10,70.5
"Documentary,Family,Musical",10,73
"Drama,Music,Reality-TV",10,75.7
"Drama,Sci-Fi,War",10,62.8
"Family,Fantasy,History",10,76.3
"Family,Music,Romance",10,65.1
"Family,Sci-Fi,Thriller",10,72.8
"Fantasy,Music,Musical",10,72.4
"Fantasy,Musical,Sci-Fi",10,58.9
"Fantasy,Sport",10,57.1
"Horror,Music,Thriller",10,51.6
"Horror,Thriller,Western",10,51
"Musical,Western",10,55.5
"Sci-Fi,Western",10,54.3
"Action,Documentary,Family",11,74.3636363636364
"Action,Family,Short",11,69.0909090909091
"Action,Horror,Western",11,45.9090909090909
"Action,Sport,Talk-Show",11,71.1818181818182
"Adventure,Fantasy,Music",11,77.3636363636364
"Adventure,History,Short",11,75.3636363636364
"Adventure,Music",11,73.9090909090909
"Adventure,Romance,Short",11,70
"Animation,Biography",11,67.9090909090909
"Animation,Documentary,News",11,77
"Animation,Drama,Musical",11,66.1818181818182
"Animation,Family,War",11,90.0909090909091
"Biography,History,Romance",11,70.7272727272727
"Comedy,Crime,Western",11,56.7272727272727
"Comedy,Documentary,Mystery",11,76.3636363636364
"Documentary,Reality-TV,Short",11,55.3636363636364
"Family,Short,Sport",11,58.5454545454545
"Fantasy,History",11,66.2727272727273
"Horror,Thriller,War",11,40
"Horror,War",11,40.0909090909091
"Romance,Short,Western",11,64.9090909090909
"Sci-Fi,Sport",11,56.5454545454545
"Sci-Fi,Talk-Show",11,70.5454545454545
"Short,Thriller,Western",11,67.1818181818182
"Action,History,Short",12,66
"Adult,Comedy,Western",12,60.1666666666667
"Adult,Crime,Fantasy",12,60.0833333333333
"Adult,Drama,Short",12,55.6666666666667
"Adult,Fantasy,Mystery",12,60.5
"Adult,Mystery,Romance",12,60.9166666666667
"Adventure,Musical,Mystery",12,67.6666666666667
"Adventure,Reality-TV,Thriller",12,76.5833333333333
"Animation,Crime,Documentary",12,74.3333333333333
"Animation,Family,Horror",12,68.75
"Animation,Horror,Music",12,71
"Biography,Music,Short",12,69.4166666666667
"Comedy,Documentary,Sci-Fi",12,75
"Crime,Fantasy,Short",12,72.75
"Crime,Musical",12,53
"Documentary,Fantasy,Mystery",12,66.1666666666667
"Documentary,History,Thriller",12,76.3333333333333
"Documentary,Music,Talk-Show",12,66.5833333333333
"Drama,Musical,War",12,64.75
"Family,Horror,Mystery",12,57.5
"Game-Show,Music,Talk-Show",12,66.6666666666667
"Game-Show,Musical,Mystery",12,35.5833333333333
"Game-Show,Reality-TV,Talk-Show",12,81.5
"History,Horror,Short",12,67
"Horror,Short,Western",12,65.3333333333333
"Music,Sci-Fi,Short",12,71.75
"Mystery,Talk-Show",12,85
"News,Short,Talk-Show",12,64.6666666666667
"Action,Biography",13,65.5384615384615
"Action,Biography,Sport",13,78.2307692307692
"Action,Music,Sci-Fi",13,70.6923076923077
"Action,Romance,Short",13,69.7692307692308
"Action,Sci-Fi,Western",13,48.0769230769231
"Action,Sport,Thriller",13,62.3076923076923
"Adult,Horror,Sci-Fi",13,66
"Adult,Romance,Short",13,62.6153846153846
"Animation,Romance,Sci-Fi",13,68.5384615384615
"Animation,War",13,68.4615384615385
"Biography,Comedy,Romance",13,71.2307692307692
"Biography,Documentary,Sci-Fi",13,71.9230769230769
"Biography,Romance",13,64.0769230769231
"Comedy,Crime,Sport",13,59.3846153846154
"Comedy,Drama,Talk-Show",13,67.6153846153846
"Comedy,History,Talk-Show",13,73.6153846153846
"Crime,Documentary,Horror",13,51.5384615384615
"Crime,Fantasy,Thriller",13,71.1538461538462
"Crime,Film-Noir,Thriller",13,66.4615384615385
"Fantasy,History,Mystery",13,66.6153846153846
"Fantasy,War",13,74.8461538461538
"History,Horror",13,59.9230769230769
"Musical,Sci-Fi",13,60.1538461538462
"Romance,Sci-Fi,Thriller",13,60.6153846153846
"Action,Adventure,Musical",14,69.7857142857143
"Action,Crime,Musical",14,60.7857142857143
"Adult,Romance,Sci-Fi",14,61.3571428571429
"Adventure,Family,Sport",14,63.3571428571429
"Adventure,Music,Mystery",14,89.5
"Comedy,Crime,Film-Noir",14,59.4285714285714
"Comedy,Drama,Game-Show",14,63.7857142857143
"Comedy,Horror,Talk-Show",14,74.5714285714286
"Documentary,Drama,Musical",14,71.0714285714286
"Documentary,Music,War",14,78.3571428571429
"Fantasy,Horror,Music",14,63.2142857142857
"History,Talk-Show",14,66.0714285714286
"News,Sci-Fi",14,66.1428571428571
"Action,Mystery,Reality-TV",15,77.2666666666667
"Adventure,Drama,Sport",15,59.4666666666667
"Adventure,Short,Thriller",15,70.0666666666667
"Animation,Biography,History",15,74.6
"Animation,Drama,War",15,73.0666666666667
"Animation,Fantasy,Thriller",15,60.3333333333333
"Biography,Documentary,Fantasy",15,68.6666666666667
"Comedy,Musical,Sport",15,56.9333333333333
"Crime,Sci-Fi,Short",15,69.3333333333333
"Documentary,Fantasy,Horror",15,65.3333333333333
"Documentary,News,Reality-TV",15,77.9333333333333
"Horror,Musical,Short",15,67.7333333333333
"Mystery,Romance,Sci-Fi",15,69
"Action,Comedy,Game-Show",16,70.5625
"Action,Music",16,63.6875
"Adult,Drama,History",16,56.375
"Adventure,Animation,Musical",16,59.375
"Adventure,History,Musical",16,70.9375
"Biography,Comedy,History",16,68.625
"Crime,Drama,News",16,73.9375
"Crime,Family,Sci-Fi",16,74.9375
"Documentary,Music,News",16,73.5625
"Drama,Mystery,Reality-TV",16,65.9375
"Drama,News,Talk-Show",16,61.1875
"Family,Reality-TV,Talk-Show",16,79.0625
"Family,Romance,Short",16,65
"Action,Short,Western",17,63.8235294117647
"Adult,Documentary,Short",17,61.4117647058824
"Adult,Horror,Thriller",17,53.9411764705882
"Adventure,Game-Show",17,64.4705882352941
"Animation,Family,Game-Show",17,78.3529411764706
"Animation,Family,Romance",17,66.9411764705882
"Biography,Comedy,Musical",17,70.1764705882353
"Biography,Documentary,Horror",17,70.5294117647059
"Biography,Documentary,Musical",17,76.1176470588235
"Biography,News,Talk-Show",17,79.7647058823529
"Biography,Reality-TV",17,64.7058823529412
"Comedy,Music,Mystery",17,66.7647058823529
"Crime,Horror,Romance",17,52.4117647058824
"Documentary,Fantasy,Short",17,70.2941176470588
"Documentary,Short,Western",17,62.8235294117647
"Drama,Fantasy,War",17,68.2941176470588
"Family,Musical,Short",17,70.8823529411765
"Game-Show,Horror",17,64.8235294117647
"Horror,Talk-Show",17,76.9411764705882
"Action,Documentary,Horror",18,77
"Action,Horror,Romance",18,57.6666666666667
"Action,Short,War",18,62.8333333333333
"Adult,Music",18,61.9444444444444
"Adult,News",18,61.2777777777778
"Adventure,Animation,History",18,66.0555555555556
"Animation,Crime,Fantasy",18,70.6666666666667
"Animation,Crime,Short",18,65.4444444444444
"Animation,History,Mystery",18,70.1111111111111
"Biography,Drama,Horror",18,59
"Crime,Game-Show,Reality-TV",18,72.3888888888889
"Documentary,Music,Sport",18,71.7222222222222
"Documentary,News,Sport",18,58.4444444444444
"Documentary,News,War",18,66.3333333333333
"Music,Musical,Romance",18,70.4444444444444
"News,Short,Sport",18,41.7222222222222
"Action,Musical,Romance",19,66.3684210526316
"Adult,Crime,Horror",19,55.5789473684211
"Adventure,Animation,Romance",19,70.0526315789474
"Adventure,Fantasy,War",19,67.7368421052632
"Adventure,Mystery,Romance",19,67.2631578947368
"Animation,Biography,Family",19,65.0526315789474
"Crime,Film-Noir,Mystery",19,60.3684210526316
"Drama,Music,War",19,70.8947368421053
"Family,Musical,Romance",19,65.1578947368421
"Fantasy,Musical,Romance",19,66.3157894736842
"Action,Biography,History",20,68.9
"Adult,Reality-TV,Romance",20,54.7
"Adventure,Animation,Sport",20,69.2
"Adventure,Family,Romance",20,61.2
"Biography,War",20,72.25
"Comedy,Musical,War",20,61.85
"Music,Mystery,Short",20,69.05
"Music,News,Talk-Show",20,60.5
"Romance,Western",20,63.3
"Animation,Music,Musical",21,68.9523809523809
"Biography,Drama,Western",21,65.0476190476191
"Biography,Musical",21,64.2857142857143
"Biography,Reality-TV,Talk-Show",21,90.1428571428571
"Comedy,Documentary,Romance",21,64.7619047619048
"Comedy,Family,Western",21,61.8571428571429
"Documentary,Drama,Horror",21,67.1904761904762
"Documentary,Reality-TV,Talk-Show",21,67.9047619047619
"Documentary,Romance,Short",21,63.5238095238095
"Drama,Musical,Thriller",21,59.9523809523809
"Game-Show,Romance",21,54.6666666666667
"Game-Show,Short",21,72.4761904761905
"Horror,Music,Mystery",21,64.4761904761905
"Horror,Western",21,54.8571428571429
"Adult,Adventure,Fantasy",22,60.5909090909091
"Adult,Adventure,Romance",22,60.4090909090909
"Adult,Comedy,Short",22,63.0454545454545
"Adult,Sport",22,68.2727272727273
"Adventure,Documentary,Music",22,75.3181818181818
"Adventure,History,Reality-TV",22,72.0909090909091
"Adventure,Mystery,Short",22,69.6363636363636
"Animation,Sci-Fi,War",22,77.0454545454545
"Comedy,Game-Show,Musical",22,91.5454545454545
"Drama,Film-Noir,Romance",22,68.4090909090909
"Fantasy,Musical,Short",22,63.6363636363636
"Horror,Romance,Sci-Fi",22,53.8636363636364
"Action,Animation,Biography",23,79.3478260869565
"Adult,Adventure,Animation",23,60.9130434782609
"Adult,Reality-TV",23,62.2608695652174
"Adventure,Biography,History",23,62.2608695652174
"Adventure,Family,Music",23,66.9130434782609
"Adventure,Family,Musical",23,57.695652173913
"Adventure,Romance,Sci-Fi",23,69.9130434782609
"Animation,Short,Western",23,64.7826086956522
"Biography,Crime",23,71.0434782608696
"Biography,Family,Reality-TV",23,71.6086956521739
"Comedy,Musical,Talk-Show",23,77.304347826087
"Drama,Horror,Musical",23,66.0434782608696
"Horror,Music",23,62.0869565217391
"Horror,Musical",23,49.695652173913
"Music,Musical,Short",23,66.304347826087
"Adult,Horror,Short",24,53.0416666666667
"Adventure,Documentary,News",24,72.8333333333333
"Adventure,Family,Horror",24,58.7083333333333
"Adventure,Horror,Short",24,62.75
"Adventure,Musical",24,63.9583333333333
"Animation,Documentary,Music",24,71.375
"Crime,History,Mystery",24,68.5416666666667
"Crime,Romance,Short",24,66.7916666666667
"Documentary,Drama,Western",24,75.0833333333333
"Drama,Family,Horror",24,59.2083333333333
"History,News",24,90.375
"Adventure,Fantasy,Musical",25,65.88
"Comedy,News,Short",25,75.52
"Crime,Talk-Show",25,76.2
"Drama,Music,Thriller",25,63.4
"Fantasy,Romance,Sport",25,85.68
"History,Reality-TV,Thriller",25,76.68
"Romance,Sport",25,65.2
"Adventure,Animation,Documentary",26,74.4230769230769
"Biography,Comedy,Music",26,70.9230769230769
"Comedy,Fantasy,Thriller",26,66.9615384615385
"Documentary,Drama,Sci-Fi",26,70.0769230769231
"Drama,News,Short",26,74.1538461538462
"Adult,Crime,Thriller",27,57.7037037037037
"Adult,Mystery",27,63.3703703703704
"Animation,Documentary,Sci-Fi",27,74.2592592592593
"Animation,Fantasy,History",27,68.6296296296296
"Animation,Music,Romance",27,70.2962962962963
"Biography,History,Short",27,70.4814814814815
"Comedy,Crime,Talk-Show",27,59.2592592592593
"Comedy,History,Musical",27,70.5185185185185
"Comedy,Sci-Fi,Western",27,77.3703703703704
"Crime,Documentary,War",27,71.2962962962963
"Drama,Film-Noir,Thriller",27,65.962962962963
"Music,Sport",27,66.1851851851852
"Adult,Crime,Mystery",28,60.75
"Animation,Music,Sport",28,76.8214285714286
"Documentary,Family,Sport",28,79.5
"Drama,War,Western",28,63.0357142857143
"Family,Game-Show,Sport",28,67.1428571428571
"Family,Thriller",28,68.0357142857143
"Fantasy,Romance,Thriller",28,77.0357142857143
"History,Short,War",28,67.4285714285714
"Musical,Reality-TV",28,75.8928571428571
"Action,Adult",29,57.1379310344828
"Action,Short,Sport",29,73.6206896551724
"Adult,Comedy,Mystery",29,61.8620689655172
"Animation,Biography,Short",29,69.4137931034483
"Animation,Short,Thriller",29,66.7241379310345
"Biography,History,War",29,67.8275862068966
"Documentary,History,Romance",29,75.7931034482759
"Mystery,Reality-TV,Sci-Fi",29,76.8620689655172
"Mystery,Romance,Short",29,73.8965517241379
"Romance,Short,Thriller",29,71.0344827586207
"Action,History,Thriller",30,80.8666666666667
"Adult,Adventure,Comedy",30,60.9666666666667
"Adventure,Animation,Music",30,62.1333333333333
"Adventure,Crime,Romance",30,62.4666666666667
"Animation,Mystery,Thriller",30,67.3
"Biography,Comedy,Short",30,68.1
"Comedy,Music,Sport",30,67.0666666666667
"Comedy,Sport,Talk-Show",30,71.5666666666667
"Family,Mystery,Sci-Fi",30,84.2
"News,Reality-TV",30,62.9333333333333
"Action,Crime,Sport",31,68.9032258064516
"Action,Romance,Sci-Fi",31,57.5806451612903
"Adult,Drama,Thriller",31,63.741935483871
"Adult,Western",31,54.2258064516129
"Comedy,Crime,History",31,64.4193548387097
"Crime,Fantasy,Romance",31,77.0322580645161
"Drama,Family,Reality-TV",31,61.6451612903226
"Drama,Family,War",31,65.0322580645161
"Drama,Mystery,Sport",31,77.0645161290323
"Thriller,War",31,63.4838709677419
"Action,Adult,Drama",32,62.84375
"Adventure,Animation,Biography",32,68.375
"Animation,Music,Sci-Fi",32,77.46875
"Comedy,Music,News",32,45.53125
"Crime,Documentary,Sport",32,75.875
"Documentary,Fantasy,History",32,69.96875
"Drama,Music,Sci-Fi",32,67.46875
"News,Sci-Fi,Short",32,55
"Action,Drama,Game-Show",33,81.5757575757576
"Comedy,News,Sport",33,74.5757575757576
"Drama,Horror,Music",33,63.6060606060606
"Drama,Horror,Western",33,52.0606060606061
"Fantasy,Musical",33,64.2424242424242
"Action,Adult,Comedy",34,59.9117647058824
"Action,Game-Show,History",34,74.2352941176471
"Adventure,Comedy,Thriller",34,62.8823529411765
"Adventure,Comedy,Western",34,60.1764705882353
"Animation,Crime,Family",34,60.7058823529412
"Documentary,Musical,Short",34,65.6176470588235
"Documentary,Mystery,Short",34,70.6176470588235
"Biography,Drama,Fantasy",35,67.0285714285714
"Comedy,Romance,Western",35,56.2857142857143
"Family,History",35,61.6285714285714
"Action,Comedy,Western",36,58.7777777777778
"Adult,Drama,Mystery",36,61.9166666666667
"Adventure,Crime,Thriller",36,57.4166666666667
"Comedy,History,Sci-Fi",36,63.9166666666667
"Crime,Fantasy",36,70.6944444444444
"Documentary,Drama,Mystery",36,71.5277777777778
"Fantasy,Music",36,75.3888888888889
"Fantasy,Music,Short",36,71.3333333333333
"Action,Mystery,Romance",37,64.3513513513514
"Adventure,Crime,Horror",37,71.4864864864865
"Adventure,Drama,Musical",37,61.2702702702703
"Animation,Fantasy,Musical",37,68.945945945946
"Animation,History",37,71.7837837837838
"Biography,Mystery",37,71.2432432432432
"Comedy,Music,Sci-Fi",37,70.8918918918919
"Drama,Mystery,War",37,70.972972972973
"Drama,Sport,Thriller",37,66.7297297297297
"Fantasy,Romance,Sci-Fi",37,72.3513513513514
"Reality-TV,Sci-Fi",37,65.7837837837838
"Romance,War",37,65
"Action,Fantasy,Thriller",38,58.9736842105263
"Action,Mystery,Short",38,76.1578947368421
"Adult,Adventure,Drama",38,64.7368421052632
"Animation,Short,Sport",38,63.3684210526316
"Biography,Documentary,Romance",38,69.3421052631579
"Comedy,Documentary,Sport",38,71.3947368421053
"Comedy,Musical,Sci-Fi",38,63.7105263157895
"Comedy,Musical,Western",38,59.2631578947368
"Comedy,Short,War",38,65.2894736842105
"Documentary,Horror,Reality-TV",38,80.8421052631579
"Drama,Film-Noir",38,66.6578947368421
"Drama,Film-Noir,Mystery",38,67.2368421052632
"News,Reality-TV,Talk-Show",38,53.6842105263158
"Action,Documentary,War",39,77.5897435897436
"Animation,Crime,Horror",39,62.3846153846154
"Comedy,Sci-Fi,Talk-Show",39,74.2051282051282
"History,Horror,Sci-Fi",39,82.4358974358974
"History,Mystery,Thriller",39,84.4871794871795
"Music,Romance,Short",39,68.1538461538462
"Action,Adventure,Reality-TV",40,75.1
"Adventure,Family,Short",40,73.225
"Comedy,Documentary,Musical",40,69.225
"Fantasy,Music,Romance",40,75.65
"Horror,Music,Short",40,64.075
"Action,Animation,Documentary",41,75.9024390243902
"Adult,Crime,Romance",41,56.0975609756098
"Adult,Fantasy,Horror",41,59.219512195122
"Adventure,Crime,Fantasy",41,70.2682926829268
"Comedy,History,Short",41,74.0731707317073
"Documentary,Game-Show",41,69.1219512195122
"Documentary,Thriller",41,72.7073170731707
"Drama,Talk-Show",41,58.0731707317073
"Adventure,Fantasy,History",42,74.2380952380952
"Animation,Crime,Mystery",42,76.9285714285714
"Comedy,Crime,Sci-Fi",42,57.3809523809524
"Comedy,Romance,War",42,61.3571428571429
"Crime,Documentary,Music",42,73.0952380952381
"Crime,Horror,Sci-Fi",42,62.4761904761905
"Documentary,Sport,Talk-Show",42,81.3333333333333
"Family,Game-Show,Music",42,61.7857142857143
"Fantasy,History,Horror",42,78.5
"Reality-TV,Short,Talk-Show",42,92.2619047619048
"Action,Family,Sport",43,68.1162790697674
"Biography,Sport",43,69.2093023255814
"Comedy,Documentary,News",43,62.5813953488372
"Comedy,Fantasy,History",43,74.5348837209302
"Comedy,Game-Show,History",43,88.8139534883721
"Drama,Musical,Mystery",43,69.3023255813954
"Family,Music,Musical",43,67.6744186046512
"Adult,Animation",44,69.7954545454545
"Crime,Drama,Game-Show",44,70.7045454545455
"Crime,Mystery,Sci-Fi",44,66.0227272727273
"Documentary,Mystery,Sci-Fi",44,61.3181818181818
"Drama,Thriller,Western",44,60.25
"History,Thriller",44,76.1136363636364
"Music,News",44,54.8409090909091
"Animation,History,Short",45,66.9111111111111
"Animation,Musical",45,62.7111111111111
"Animation,Short,War",45,61.7555555555556
"Documentary,History,Western",45,78.5111111111111
"Documentary,Horror,Sci-Fi",45,68.7555555555556
"Documentary,Music,Reality-TV",45,59.7333333333333
"Family,News",45,71.2888888888889
"Action,Documentary,Short",46,71.6521739130435
"Action,Fantasy,Mystery",46,76.5
"Adult,Adventure",46,60.3260869565217
"Adventure,Animation,Mystery",46,76.8913043478261
"Adventure,History,War",46,64.6086956521739
"Drama,Game-Show,Reality-TV",46,80.1304347826087
"Drama,Sport,Western",46,71.3695652173913
"Musical,Romance,Short",46,65.8260869565217
"Action,Comedy,Music",47,58.2978723404255
"Action,Fantasy,History",47,72.0851063829787
"Adventure,Comedy,Music",47,62.4042553191489
"Animation,Horror,Thriller",47,70.4468085106383
"Biography,Talk-Show",47,71.5531914893617
"Crime,Drama,War",47,63.468085106383
"Action,Sci-Fi,Sport",48,65.4166666666667
"Action,Sci-Fi,War",48,68.4166666666667
"Adventure,Animation,Horror",48,72.0208333333333
"Family,Music,Short",48,75.1041666666667
"Action,Crime,Documentary",49,73.6326530612245
"Animation,Documentary,Fantasy",49,75.9387755102041
"Documentary,History,Talk-Show",49,77.1020408163265
"Family,Game-Show,Mystery",49,69.0204081632653
"Adventure,Comedy,History",50,66.82
"Biography,History,Mystery",50,76.36
"Comedy,Documentary,Talk-Show",50,76.24
"Comedy,Sci-Fi,Thriller",50,65.52
"Crime,Sci-Fi",50,63.8
"Fantasy,History,Romance",50,77.12
"Action,Adventure,Music",51,68.4705882352941
"Action,Animation,Music",51,72.6666666666667
"Action,Comedy,War",51,68.9019607843137
"Action,Documentary,History",51,75.0980392156863
"Adventure,Comedy,War",51,67.3333333333333
"Documentary,Drama,Romance",51,70.921568627451
"Family,Fantasy,Romance",51,62.5882352941176
"Action,Adult,Animation",52,63.3269230769231
"Family,Fantasy,Sci-Fi",52,63.5576923076923
"Animation,Horror,Sci-Fi",53,63.6415094339623
"Animation,Mystery,Short",53,59.5849056603774
"History,Reality-TV",53,72.5283018867924
"Adult,Animation,Horror",54,55.9074074074074
"Fantasy,Short,Thriller",54,73.4259259259259
"Action,Fantasy,Romance",55,70.2545454545455
"Comedy,Drama,News",55,60.6727272727273
"Documentary,Fantasy",55,63.4727272727273
"History,Horror,Mystery",55,80.4363636363636
"Action,Biography,Documentary",56,73.3214285714286
"Action,Comedy,Sport",56,60.3214285714286
"Biography,Comedy,Crime",56,68.8571428571429
"Comedy,Crime,Music",56,62.5
"Comedy,Reality-TV,Sport",56,77.9464285714286
"News,Sport",56,63.7321428571429
"Adventure,History,Romance",57,66.1929824561404
"Biography,Drama,Thriller",57,66.2456140350877
"Comedy,Family,Reality-TV",57,62.6140350877193
"Action,Adult,Adventure",58,61.5344827586207
"Comedy,Crime,Musical",58,61.3620689655172
"Comedy,Documentary,Fantasy",58,79.1206896551724
"Comedy,Game-Show,Horror",58,69.2241379310345
"Horror,Mystery,Romance",58,58.4655172413793
"Horror,Romance,Short",58,67.1724137931034
"Action,Animation,History",59,73.2203389830509
"Action,Thriller,War",59,56.4067796610169
"Adult,Comedy,Horror",59,53.1186440677966
"Adult,Drama,Horror",59,58.6779661016949
"Biography,Documentary,War",59,74.6779661016949
"Comedy,Reality-TV,Talk-Show",59,70.5762711864407
"Drama,History,Musical",59,68.9830508474576
"Drama,Reality-TV,Romance",59,65.2033898305085
"Action,Fantasy,Short",60,73.6166666666667
"Adventure,Fantasy,Game-Show",60,80.8833333333333
"Crime,Documentary,Short",60,68.5333333333333
"Action,Comedy,Documentary",61,71.9672131147541
"Action,Comedy,Musical",61,60.8360655737705
"Animation,Biography,Drama",61,70.4754098360656
"Documentary,Music,Musical",61,74.7704918032787
"Family,Fantasy,Mystery",61,67.0491803278689
"Drama,History,Horror",62,67.3870967741936
"News,Sport,Talk-Show",62,60.3870967741936
"Romance,Sci-Fi,Short",62,71.741935483871
"Adventure,Drama,Music",63,61.0793650793651
"Crime,Fantasy,Horror",63,55.8730158730159
"Family,Fantasy,Short",63,66.968253968254
"Action,Documentary,Sport",64,73.0625
"Adventure,Comedy,Musical",64,64.859375
"Animation,Romance,Sport",64,76.65625
"Biography,Drama,Mystery",64,69.84375
"Comedy,Musical,Mystery",64,71.890625
"Drama,Mystery,Western",64,68.578125
"History,Mystery",64,68.40625
"Action,History,Romance",65,74.4615384615385
"Action,Mystery",65,61.6615384615385
"Animation,Comedy,News",65,56.6461538461538
"Animation,Romance",65,68.2
"Documentary,Family,News",65,67.6307692307692
"Adult,Animation,Fantasy",66,69.1969696969697
"Adult,Animation,Short",66,67.1212121212121
"Adventure,Family,History",66,64.9848484848485
"Animation,Sport,Thriller",66,78.3636363636364
"Drama,History,Sport",66,69.1818181818182
"Horror,Romance,Thriller",66,56.3484848484849
"Action,Crime,History",67,73.4925373134328
"Adult,Thriller",67,60.5223880597015
"Fantasy,Sci-Fi,Thriller",67,66.5223880597015
"Action,Drama,Music",68,58.4558823529412
"Adventure,Game-Show,Mystery",68,76.7058823529412
"Drama,History,Sci-Fi",69,68.8405797101449
"Adventure,Mystery,Sci-Fi",70,71.3285714285714
"Adventure,Sport",70,72.5142857142857
"Animation,Mystery,Sci-Fi",70,68.3714285714286
"Crime,Sci-Fi,Thriller",70,73.5857142857143
"Adult,Comedy,Sci-Fi",71,59.3802816901408
"Adventure,Documentary,Horror",71,62.5070422535211
"Animation,Documentary,Drama",71,72.3380281690141
"Fantasy,Horror,Romance",71,65.8450704225352
"Adventure,Mystery,Thriller",72,66.6527777777778
"Biography,Music",72,71.1111111111111
"Action,Adult,Crime",73,67.5068493150685
"Action,Western",73,59.1232876712329
"Comedy,Fantasy,Music",73,70.013698630137
"Crime,Fantasy,Mystery",73,73.2739726027397
"Fantasy,Mystery,Sci-Fi",73,68.8630136986301
"Game-Show,Mystery,Reality-TV",73,73.7808219178082
"Animation,Drama,Thriller",74,74.5135135135135
"Crime,Documentary,Thriller",74,74.7837837837838
"Biography,Drama,Musical",75,68.28
"Documentary,Family,Music",75,73.4533333333333
"Mystery,Romance,Thriller",75,60.1066666666667
"Adult,Animation,Romance",76,71.6052631578947
"Adult,Comedy,Crime",76,57.3421052631579
"Biography,Game-Show,Reality-TV",76,81.1578947368421
"Romance,Sci-Fi",76,62.5789473684211
"Adventure,Sci-Fi,Short",77,70.1428571428571
"Game-Show,Horror,Reality-TV",77,75.3376623376623
"Biography,Documentary,Reality-TV",78,63.5384615384615
"Documentary,Drama,Music",78,69.5
"Action,Documentary,Drama",80,68.7875
"Adventure,Family,Western",80,72.3125
"Adventure,Fantasy,Short",80,71.7125
"Animation,Fantasy,Music",80,68.15
"Comedy,Short,Talk-Show",80,75.4375
"Documentary,Horror,Short",80,61.7625
"Animation,Game-Show,Reality-TV",81,76.2592592592593
"Drama,Musical,Short",81,73.5679012345679
"Documentary,History,Horror",82,71.609756097561
"Animation,Music",83,67.8072289156626
"Documentary,Drama,Thriller",83,72.6867469879518
"Horror,Romance",83,51.2409638554217
"Comedy,Family,Mystery",84,73.0952380952381
"Comedy,Music,Reality-TV",84,67.2023809523809
"Documentary,Sci-Fi,Short",84,70.2619047619048
"Game-Show,Sport",84,71.4404761904762
"Adventure,Animation,Crime",85,72.2588235294118
"Biography,Comedy,Game-Show",85,78.2235294117647
"Family,Horror",85,62.9294117647059
"Biography,Documentary,Mystery",86,75.3488372093023
"Crime,Drama,Musical",86,65.2790697674419
"Animation,Documentary,Family",87,73.9540229885057
"Action,Animation,Romance",88,74.9318181818182
"Animation,Family,Mystery",88,83.0227272727273
"Comedy,Drama,Western",88,62.375
"Comedy,History,Romance",90,76.0222222222222
"Comedy,Romance,Thriller",90,66.9222222222222
"Documentary,Drama,War",90,73.2111111111111
"Crime,Drama,Western",91,67.0879120879121
"Adventure,Documentary,Sport",92,75.5108695652174
"Adventure,Horror,Sci-Fi",92,54.2934782608696
"Biography,Documentary,News",92,71.1521739130435
"Crime,Family,Mystery",92,69.2391304347826
"Drama,Fantasy,Musical",92,69.4891304347826
"Family,Fantasy,Horror",92,72.5434782608696
"Adventure,Biography,Comedy",93,73.4623655913979
"Comedy,Game-Show,Sport",93,72.5806451612903
"Documentary,Drama,News",93,73.7311827956989
"Adventure,Horror,Thriller",94,52.3191489361702
"Comedy,Crime,Documentary",95,77.6315789473684
"Adult,Fantasy,Romance",97,61.680412371134
"Mystery,Reality-TV",97,66.2886597938144
"Action,Documentary",98,69.8673469387755
"Crime,Horror,Short",98,70.2857142857143
"Action,Drama,Musical",100,62.8
"Animation,Mystery",100,77.96
"Animation,Musical,Short",101,65.7524752475248
"Comedy,History,Music",101,72.2079207920792
"Documentary,Drama,Sport",101,75.5742574257426
"Action,Animation,Mystery",102,77.2058823529412
"Drama,Family,Thriller",102,66.9607843137255
"Fantasy,Mystery,Short",102,69.5
"Adult,Animation,Drama",103,60.4271844660194
"Horror,Mystery,Reality-TV",103,74.9514563106796
"Action,Comedy,History",104,76.9615384615385
"Adult,Documentary",104,64.4615384615385
"Adventure,Documentary,Short",104,72.7115384615385
"Comedy,Horror,Music",104,67.3942307692308
"Documentary,Reality-TV,Romance",104,59.8461538461538
"History,Romance",104,64.6153846153846
"Crime,Romance",106,60.7830188679245
"Crime,Romance,Thriller",106,64.6415094339623
"Documentary,Short,Talk-Show",106,70.8962264150943
"Drama,History,Music",106,77.1698113207547
"Action,Comedy,Mystery",107,73.2616822429907
"Adventure,War",107,61.196261682243
"Mystery,Sci-Fi",107,58.0373831775701
"Adult,Sci-Fi",109,59.4495412844037
"Comedy,Music,Musical",109,67.1926605504587
"Comedy,Horror,Musical",110,62.1818181818182
"Documentary,News,Talk-Show",110,70.4727272727273
"Adventure,Documentary,Family",111,76.5135135135135
"Animation,Comedy,History",111,79.9009009009009
"Comedy,Mystery,Sci-Fi",111,69.1441441441441
"Game-Show,Talk-Show",111,67.0810810810811
"Biography,Crime,History",112,73.9553571428571
"Adventure,Crime,Family",113,68.9734513274336
"Adventure,Sci-Fi,Thriller",113,63.7522123893805
"Comedy,Documentary,Horror",113,70.1769911504425
"Fantasy,Romance,Short",113,71.5044247787611
"Action,Crime,Romance",114,62.9035087719298
"Action,Romance,Thriller",114,54.7017543859649
"Crime,Mystery,Short",114,73.2631578947368
"Adult,Animation,Comedy",115,67.6
"Animation,Family,Sport",115,78.3913043478261
"Drama,History,Western",116,70.7586206896552
"Action,Family,Sci-Fi",117,63.7692307692308
"Adult,Comedy,Drama",117,58.8632478632479
"Adventure,Fantasy,Mystery",117,68.4871794871795
"Mystery,Sci-Fi,Short",117,74.7008547008547
"Adventure,Thriller",118,59.8050847457627
"Comedy,Short,Western",118,64.0847457627119
"Crime,History",118,77.593220338983
"Action,Animation,Thriller",121,76.2396694214876
"Action,Family,Fantasy",121,65.0661157024793
"Comedy,History,War",121,80.099173553719
"Drama,Music,Mystery",121,54.8264462809917
"Fantasy,Sci-Fi,Short",121,69.495867768595
"Animation,Family,Music",122,62.8360655737705
"Action,Adventure,Sport",123,66.5934959349593
"Action,Mystery,Sci-Fi",123,65.8861788617886
"Fantasy,Thriller",123,61.9512195121951
"Crime,Documentary,News",125,71.376
"Crime,Drama,Sport",125,65.456
"Family,Mystery",125,78.856
"Music,Romance",126,67.9523809523809
"Animation,Romance,Short",128,64.125
"Action,Animation,Short",129,66.4108527131783
"Documentary,Western",129,75.1007751937985
"Animation,Horror",130,69.1692307692308
"Animation,Comedy,Talk-Show",131,81.8473282442748
"Fantasy,Sci-Fi",131,58.0534351145038
"Action,Comedy,Reality-TV",132,75.1893939393939
"Documentary,Family,Reality-TV",132,81.8939393939394
"Documentary,Romance",132,72.4166666666667
"Drama,Family,Sci-Fi",132,69.5075757575758
"Comedy,Short,Sport",133,67.593984962406
"Fantasy,Mystery",133,69.6691729323308
"Mystery,Romance",135,64.7333333333333
"Action,Biography,Crime",136,67.6470588235294
"Short,Talk-Show",136,70.9852941176471
"Adult,Drama,Fantasy",137,60.1678832116788
"Sport,Talk-Show",137,66.5620437956204
"Adventure,Horror,Mystery",139,65.8489208633093
"Documentary,News,Short",139,67.863309352518
"Adult,Crime",140,55.3928571428571
"Adventure,Family,Game-Show",140,74.8214285714286
"Documentary,Family,History",141,76.9574468085106
"Fantasy,Reality-TV",142,70.8450704225352
"Reality-TV,Short",143,65.4265734265734
"Crime,Horror",144,49.2430555555556
"Drama,Short,Western",144,65
"Adult,Fantasy",145,58.9931034482759
"Animation,Documentary,History",145,74.7862068965517
"Adventure,Family,Mystery",146,70.7876712328767
"Action,Adventure,Short",148,72.4932432432432
"Action,Crime,Horror",148,57.4256756756757
"Documentary,Horror,Thriller",148,66.7905405405405
"Action,Family",150,61.5666666666667
"Adventure,Documentary,Mystery",150,83.0866666666667
"History,Music,Talk-Show",150,74.32
"Animation,Horror,Mystery",151,74.3907284768212
"Comedy,Mystery,Thriller",151,66.0132450331126
"Comedy,Mystery,Short",152,71.6513157894737
"Family,Musical",152,69.3223684210526
"Biography,Drama,Short",153,71.0653594771242
"Animation,Biography,Documentary",154,72.6818181818182
"Animation,Fantasy,Sci-Fi",154,70.7077922077922
"Comedy,Game-Show,Talk-Show",154,72.5909090909091
"Game-Show,Reality-TV,Thriller",155,66.4967741935484
"Animation,Comedy,Documentary",156,73.3461538461538
"Documentary,Musical",156,71.1282051282051
"Adventure,Comedy,Mystery",157,74.2866242038217
"Comedy,Documentary,Reality-TV",157,76.5859872611465
"Fantasy,Horror,Sci-Fi",159,55.5471698113208
"Fantasy,Mystery,Romance",159,80.5094339622642
"Fantasy,Mystery,Thriller",160,74.4875
"Animation,Family,History",161,77.6086956521739
"Adventure,Animation,Short",162,70.3456790123457
"Game-Show,Reality-TV,Sport",162,66.2592592592593
"Action,History",163,79.7239263803681
"Action,Animation,Sport",164,74.3780487804878
"Drama,Family,Sport",164,68.0060975609756
"Drama,Fantasy,Thriller",164,66.469512195122
"Biography,Comedy",165,71.1878787878788
"Adventure,Comedy,Short",166,72.2771084337349
"Drama,Short,Sport",166,71.7048192771084
"Crime,Mystery,Romance",168,69.1190476190476
"Adventure,Fantasy,Horror",169,60.6508875739645
"Documentary,Drama,Reality-TV",169,80.9704142011834
"Drama,Thriller,War",170,65.4882352941176
"Action,Adventure,Romance",171,56.5672514619883
"Crime,Short,Thriller",171,76.3567251461988
"Comedy,Game-Show,Mystery",172,74.1744186046512
"Action,Crime,Short",173,70.2369942196532
"Adult,Comedy,Fantasy",173,58.2774566473988
"Animation,Fantasy,Mystery",173,68.3005780346821
"Drama,Family,Musical",174,68.816091954023
"Adult,Horror",176,54.25
"Documentary,History,Sci-Fi",177,70.1920903954802
"Action,Crime,Sci-Fi",181,69.0552486187845
"Biography,Drama,War",181,67.7790055248619
"Fantasy,Horror,Thriller",181,53.9779005524862
"Action,Horror,Mystery",183,58.1967213114754
"Comedy,Documentary,Game-Show",183,74.7049180327869
"Action,Animation,Horror",184,67.5760869565217
"Adventure,Horror",184,58.1684782608696
"Comedy,Mystery,Romance",185,68.9567567567568
"Animation,Family,Sci-Fi",188,66.9627659574468
"Mystery,Short,Thriller",188,75.313829787234
"Adventure,Drama,War",189,65.9523809523809
"Comedy,Family,Sport",192,63.5885416666667
"Drama,Fantasy,Music",192,74.875
"Family,Romance",192,64.625
"Adventure,Comedy,Reality-TV",193,76.860103626943
"Action,History,War",194,73.2422680412371
"Documentary,Short,War",194,62.3556701030928
"Comedy,Horror,Reality-TV",195,82.7333333333333
"Adventure,Drama,Thriller",197,63.1878172588832
"Documentary,Horror,Mystery",197,72.8578680203046
"Comedy,Horror,Romance",198,62.5656565656566
"Comedy,Reality-TV,Romance",199,60.3517587939699
"Crime,Family",199,71.3768844221105
"Documentary,Family,Short",199,70.4924623115578
"Adventure,Crime,Documentary",200,68.835
"Adventure,Drama,Short",201,70.6666666666667
"Comedy,Family,Horror",203,67.6945812807882
"Comedy,Fantasy,Musical",203,71.1625615763547
"Adventure,Comedy,Horror",204,66.0833333333333
"Comedy,Documentary,Music",204,74.0490196078431
"Adventure,Game-Show,Horror",206,71.378640776699
"Animation,Comedy,Mystery",206,76.1116504854369
"Action,Short,Thriller",207,72.6859903381642
"Adventure,Family,Sci-Fi",207,64.512077294686
"Crime,Drama,Sci-Fi",207,70.207729468599
"Adventure,Romance",208,59.2548076923077
"Sci-Fi,Short,Thriller",208,70.8894230769231
"Adventure,Documentary,Drama",209,73.0095693779904
"Adventure,History",209,69.9377990430622
"Comedy,Romance,Sci-Fi",209,68.5598086124402
"Action,Horror,Short",210,64.2047619047619
"Music,Musical",210,80.5
"Action,Reality-TV",212,74.3867924528302
"Biography,Drama,Family",212,70.9433962264151
"Action,Adventure,Western",214,72.1635514018692
"Adventure,History,Horror",214,80.2476635514019
"Animation,Drama,Sci-Fi",214,70.2943925233645
"History,War",216,70.4398148148148
"Reality-TV,Talk-Show",216,66.75
"Adventure,Mystery",219,71.6073059360731
"Action,Drama,Western",221,61.6334841628959
"Adventure,Fantasy,Romance",221,75.5429864253394
"Action,Adventure,War",223,66
"Action,Adventure,Mystery",224,66.7991071428571
"Adventure,Crime,Mystery",224,71.6339285714286
"Biography,Documentary,Talk-Show",224,70.5892857142857
"Fantasy,Horror,Reality-TV",225,86.5288888888889
"Comedy,Fantasy,Mystery",226,78.3495575221239
"Comedy,Crime,Fantasy",228,67.9298245614035
"Family,News,Talk-Show",228,69.4780701754386
"Animation,Fantasy,Romance",229,75.1572052401747
"Reality-TV,Western",230,86.5739130434783
"Action,Comedy,Thriller",231,61.5454545454545
"Comedy,Crime,Family",231,66.9047619047619
"Drama,Music,Short",231,68.9177489177489
"Action,Adventure,Biography",232,73.7155172413793
"Adventure,Mystery,Reality-TV",237,74.6413502109705
"Adult,Comedy,Romance",238,60.2605042016807
"Animation,Biography,Comedy",238,77.7478991596639
"Comedy,Short,Thriller",239,71.4100418410042
"Action,Crime,Fantasy",240,70.3
"Horror,Reality-TV",245,61.0897959183673
"Adult,Crime,Drama",247,62.2914979757085
"Documentary,History,News",249,72.5943775100402
"Mystery,Sci-Fi,Thriller",249,65.4417670682731
"Biography,Documentary,Family",252,74.7619047619048
"Documentary,Drama,Family",252,72.2777777777778
"Comedy,Crime,Horror",253,63.9604743083004
"Action,Game-Show,Sport",259,73.1158301158301
"Drama,Music,Western",259,59.6718146718147
"Drama,Family,Mystery",261,72.9846743295019
"Documentary,Drama,Fantasy",262,71.2824427480916
"Comedy,Reality-TV,Short",264,63.0454545454545
"Comedy,Family,History",265,80.3547169811321
"Animation,Drama,History",266,76.0714285714286
"Biography,Short",266,73.1127819548872
"Adventure,Fantasy,Sci-Fi",267,64.4531835205993
"Adventure,Documentary,History",268,70.2537313432836
"Animation,Sci-Fi",269,68.9033457249071
"Comedy,Crime,Romance",271,60.7084870848708
"Fantasy,History,Sci-Fi",271,72.2915129151291
"Action,Mystery,Thriller",272,56.9632352941176
"Drama,History,Thriller",281,70.9074733096085
"History,Short",281,70.9928825622776
"Adventure,Biography,Drama",283,69.5123674911661
"Animation,Music,Short",284,64.1760563380282
"Documentary,Sci-Fi",284,70.2816901408451
"Documentary,Reality-TV,Sport",285,78.7052631578947
"Comedy,Drama,Reality-TV",292,63.8219178082192
"Action,Drama,Family",293,66.2150170648464
"Adventure,Crime",293,62.0443686006826
"Reality-TV,Thriller",293,72.1126279863481
"Romance,Thriller",293,62.1296928327645
"Documentary,History,Sport",298,77.5436241610738
"Musical,Romance",308,61.0324675324675
"Adult,Short",309,62.8608414239482
"Crime,Horror,Thriller",312,53.1891025641026
"Drama,Horror,Romance",312,65.7179487179487
"Action,Drama,Sport",317,70.0157728706625
"Action,Romance",323,68.5851393188855
"Comedy,Horror,Thriller",324,54.1697530864198
"Animation,Sci-Fi,Short",325,66.4092307692308
"Crime,Drama,Reality-TV",325,70.68
"Animation,Documentary,Short",326,67.3895705521472
"Action,Adventure,Thriller",327,59.0948012232416
"Animation,Comedy,Sport",330,73.0151515151515
"Comedy,Musical,Short",330,65.5757575757576
"Action,Horror,Thriller",331,47.2326283987915
"Animation,Family,Musical",331,70.5528700906344
"Crime,Drama,Music",331,72.3413897280967
"Action,Sci-Fi,Short",333,69.4444444444444
"Comedy,Crime,Thriller",333,65.5855855855856
"Adventure,Biography,Crime",335,75.6805970149254
"Short,War",335,68.0268656716418
"Documentary,Mystery",336,69.8452380952381
"Short,Sport",336,68.3392857142857
"Action,Adventure,Documentary",338,75.9822485207101
"Animation,Drama,Music",341,75.9472140762463
"Drama,Music,Musical",341,69.2609970674487
"Comedy,Music,Short",346,67.2138728323699
"Documentary,Mystery,Reality-TV",350,70.7057142857143
"Action,Horror",352,51.1619318181818
"Drama,Family,History",354,77.1864406779661
"Fantasy,Horror",357,55.2857142857143
"Adventure,Drama,Horror",359,72.1504178272981
"Fantasy,Horror,Short",359,69.0807799442897
"Animation,Drama",363,71.7272727272727
"Adventure,Comedy,Romance",365,65.9424657534247
"Biography,Drama,Sport",367,68.8119891008174
"Action,Fantasy,Sci-Fi",368,65.1983695652174
"Biography,History",373,77.8847184986595
"Horror,Sci-Fi,Short",373,66.1394101876676
"Action,Adventure,History",376,70.4042553191489
"Adventure,Comedy,Documentary",376,76.0585106382979
"Documentary,History,Short",378,70.1084656084656
"Drama,Family,Music",378,77.3544973544974
"Biography,Drama,Romance",380,66.8473684210526
"Action,Fantasy,Horror",383,62.5874673629243
"Adventure,Comedy,Sport",387,69.9431524547804
"Drama,History,Mystery",390,77.1051282051282
"Family,Sci-Fi",390,63.4333333333333
"Comedy,Family,Game-Show",394,77.4111675126904
"Animation,Fantasy,Horror",395,71.1291139240506
"Crime,Documentary,Reality-TV",395,73.5493670886076
"Drama,Short,War",397,70.4005037783375
"Comedy,Crime,Short",399,72.2456140350877
"Documentary,Family,Game-Show",401,66.0648379052369
"Action,Sci-Fi,Thriller",403,55.6674937965261
"Family,Music",407,71.9090909090909
"Comedy,Romance,Sport",409,70.6674816625917
"Comedy,Sci-Fi,Short",411,68.8029197080292
"Documentary,Short,Sport",411,63.021897810219
"Adventure,Comedy,Game-Show",412,70.4660194174757
"Adventure,Western",412,71.8470873786408
"Drama,Family,Western",413,74.3026634382567
"Horror,Sci-Fi,Thriller",414,49.9323671497585
"Action,Biography,Drama",415,72.7204819277108
"Adventure,Biography,Documentary",418,71.8373205741627
"Reality-TV,Sport",418,70.377990430622
"Comedy,Drama,War",420,74.2547619047619
"Animation,Documentary",422,76.6658767772512
"Crime,Horror,Mystery",422,58.3483412322275
"Drama,Romance,Western",423,76.4609929078014
"Fantasy,Romance",423,73.1063829787234
"Animation,Drama,Sport",426,75.2370892018779
"Horror,Mystery,Sci-Fi",429,60.4219114219114
"Comedy,Horror,Mystery",430,61.846511627907
"Documentary,Music,Short",430,72.6744186046512
"Adventure,Comedy,Sci-Fi",431,71.4129930394432
"Biography,Comedy,Documentary",432,77.5115740740741
"Short,Western",432,66.8055555555556
"Family,Western",433,72.7759815242494
"Adventure,Drama,Western",437,66.9862700228833
"Action,Comedy,Romance",440,64.8636363636364
"Crime,Drama,Family",440,72.9590909090909
"Family,Sport",442,77.10407239819
"Documentary,History,Reality-TV",446,77.3968609865471
"Documentary,History,Music",447,76.6845637583893
"Documentary,Drama,Short",448,69.6696428571429
"Comedy,Documentary,History",449,74.2138084632517
"Comedy,Documentary,Short",449,70.1224944320713
"Action,Comedy,Family",452,69.1902654867257
"Animation,Fantasy,Short",457,67.0065645514223
"Adventure,Animation",462,62.8679653679654
"Adventure,Animation,Sci-Fi",469,69.8805970149254
"Animation,Drama,Mystery",474,74.0126582278481
"Animation,Horror,Short",474,64.6962025316456
"Game-Show,Music",478,69.2364016736402
"Sci-Fi,Thriller",480,57.5604166666667
"Adventure,Sci-Fi",482,65.7717842323651
"Comedy,Horror,Sci-Fi",483,57.8178053830228
"Drama,History,Short",483,72.3809523809524
"Animation,Drama,Horror",484,73.2128099173554
"Action,Drama,Horror",485,62.3567010309278
"Action,Fantasy",489,63.4335378323108
"Family,Fantasy,Musical",492,50.0264227642276
"Family,Talk-Show",493,67.2089249492901
"Comedy,Drama,Sci-Fi",495,68.5171717171717
"Drama,Romance,Sci-Fi",495,70.2444444444444
"Horror,Mystery,Short",497,67.9738430583501
"Adventure,Family,Reality-TV",501,76.4590818363273
"Drama,Fantasy,History",501,77.8443113772455
"Comedy,Family,Talk-Show",507,72.1183431952663
"Drama,Fantasy,Sci-Fi",507,69.5759368836292
"Action,Comedy,Sci-Fi",512,67.7265625
"Animation,Fantasy",520,69.1653846153846
"Action,Crime,Mystery",522,70.3045977011494
"Comedy,Mystery",526,67.4562737642586
"Comedy,Music,Romance",527,65.3453510436433
"Action,Horror,Sci-Fi",528,54.7916666666667
"Animation,Crime,Drama",529,78.351606805293
"Action,Adventure,Horror",532,58.3496240601504
"Action,War",535,66.0093457943925
"Action,Game-Show,Reality-TV",540,76.1
"Comedy,Fantasy,Short",540,73.4888888888889
"Comedy,Drama,History",543,76.0386740331492
"Action,Crime,Reality-TV",551,65.1215970961888
"Adventure,Short",551,72.4900181488203
"Music,Talk-Show",551,69.2776769509982
"Family,Fantasy,Music",556,75.0035971223022
"Action,Comedy,Short",561,71.9055258467023
"Comedy,Thriller",563,62.5896980461812
"Action,Animation",569,68.5483304042179
"Fantasy,Horror,Mystery",569,65.1880492091388
"Biography,Documentary,Short",573,72.1134380453752
"Crime,Mystery,Reality-TV",575,78.04
"Comedy,Family,Short",577,69.2426343154246
"Adventure,Drama,History",579,67.9222797927461
"Documentary,Horror",581,66.7005163511188
"Biography,Comedy,Drama",591,71.678510998308
"Comedy,Drama,Thriller",596,67.7734899328859
"Comedy,Documentary,Drama",599,67.762938230384
"Comedy,Family,Musical",599,70.4257095158598
"Comedy,Game-Show,News",600,69.9666666666667
"Action,Biography,Comedy",606,90.549504950495
"Comedy,Fantasy,Sci-Fi",621,72.2512077294686
"Comedy,Game-Show,Music",623,69.685393258427
"Adventure,Reality-TV",627,75.1738437001595
"Animation,Comedy,Horror",631,72.7591125198098
"Animation,Comedy,Music",631,75.5198098256735
"Comedy,Western",635,64.6157480314961
"Biography,Drama,Music",636,71.2106918238994
"Animation,Comedy,Musical",641,65.7535101404056
"Musical,Short",648,69.9537037037037
"Crime,Drama,Film-Noir",649,64.1725731895223
"Drama,Romance,Sport",651,74.1582181259601
"Action,Adventure,Game-Show",671,82.6438152011923
"Animation,Drama,Short",674,66.9302670623145
"Drama,Musical,Romance",674,67.1112759643917
"Comedy,Crime,Reality-TV",678,72.9203539823009
"Biography,Documentary,Sport",689,75.2946298984035
"Action,Drama,Short",691,71.2648335745297
"Family,Game-Show,Reality-TV",694,72.0965417867435
"Adventure,Drama,Mystery",710,73.0718309859155
"Animation,Comedy,Crime",715,72.4587412587413
"Crime,Drama,History",716,74.4846368715084
"Adventure,Drama,Sci-Fi",720,70.175
"Comedy,History",722,68.5789473684211
"Documentary,Drama,History",722,73.1842105263158
"Crime,Reality-TV",723,76.701244813278
"Adult,Drama,Romance",732,63.6803278688525
"Drama,Fantasy,Short",759,72.6851119894598
"Adventure,Comedy,Crime",760,69.0868421052632
"Action,Animation,Family",762,76.8963254593176
"Drama,Horror,Sci-Fi",762,66.5551181102362
"Horror,Mystery",769,56.702210663199
"Adventure,Drama,Romance",774,64.8643410852713
"Animation,Sport",783,75.6002554278416
"Mystery,Short",787,74.9783989834816
"Family,Music,Reality-TV",796,68.8768844221105
"Action,Comedy,Fantasy",798,68.7957393483709
War,803,62.2440846824408
"Crime,Short",811,72.6300863131936
"Documentary,History,Mystery",817,71.2264381884945
"Comedy,Drama,Sport",823,72.6391251518833
"Action,Comedy,Horror",832,63.1826923076923
"Horror,Sci-Fi",843,49.3641755634638
"Animation,Drama,Romance",855,71.6959064327485
"Crime,Documentary,Mystery",855,72.7157894736842
"Documentary,War",859,72.5075669383003
"Comedy,Musical,Romance",875,61.6605714285714
"Action,Drama,War",880,73.8977272727273
"Comedy,War",881,71.800227014756
"Drama,Musical",897,67.438127090301
"Comedy,Family,Sci-Fi",900,71.3944444444444
"Drama,Mystery,Short",901,71.8457269700333
"Crime,Documentary,History",906,73.5441501103753
"Drama,Reality-TV",926,76.8866090712743
"Music,Reality-TV",935,70.4085561497326
"Family,Short",942,72.583864118896
"Drama,Sci-Fi,Thriller",943,69.1760339342524
"Documentary,Talk-Show",949,71.6174920969441
"Family,Fantasy",952,65.4905462184874
"Crime,Mystery",973,67.4450154162384
"Drama,Romance,War",976,69.4026639344262
"Adult,Drama",979,60.0960163432074
"Action,Animation,Crime",980,72.4867346938776
"Drama,Sci-Fi,Short",985,70.3167512690355
"Adult,Romance",1010,61.6752475247525
"Crime,Documentary,Drama",1029,74.1175898931001
"Adventure,Fantasy",1033,69.379477250726
"Animation,Drama,Fantasy",1047,74.2340019102197
"Adventure,Crime,Drama",1052,69.537072243346
"Animation,Drama,Family",1053,72.5802469135803
"Crime,Drama,Short",1056,71.9100378787879
"Comedy,Drama,Horror",1063,66.8532455315146
"Comedy,Documentary,Family",1074,72.671322160149
"Family,Reality-TV",1079,66.6691380908248
"Drama,Romance,Thriller",1085,65.0847926267281
"Action,Reality-TV,Sport",1089,67.6005509641873
"Drama,Horror,Short",1094,66.9277879341865
"Action,Drama,Mystery",1096,71.4890510948905
"Comedy,Fantasy,Horror",1097,67.7137648131267
"Drama,Music,Romance",1111,70.2232223222322
"Comedy,Drama,Musical",1122,66.5258467023173
"Documentary,Game-Show,Reality-TV",1139,62.4126426690079
"Horror,Short,Thriller",1143,66.67104111986
"Adventure,Documentary,Reality-TV",1152,76.8585069444444
"News,Short",1152,64.3055555555556
"Drama,Horror",1170,56.6641025641026
"Comedy,News",1172,73.4266211604096
"Adult,Comedy",1188,57.5378787878788
"Mystery,Thriller",1191,61.5549958018472
"Animation,Comedy,Sci-Fi",1213,71.7518549051937
"Comedy,Fantasy,Romance",1213,70.9563066776587
"Animation,Family,Short",1215,66.4362139917695
"Drama,Family,Short",1232,72.8027597402597
"Action,Drama,Sci-Fi",1235,70.2477732793522
"Drama,Family,Fantasy",1254,71.4976076555024
"Comedy,Sport",1262,71.4675118858954
"Comedy,Crime,Mystery",1267,70.6685082872928
"Comedy,Romance,Short",1270,70.444094488189
"Biography,Crime,Drama",1293,73.5591647331786
"Animation,Family,Fantasy",1298,66.979969183359
"Crime,Mystery,Thriller",1298,67.2781201848998
"Adventure,Comedy",1301,65.0622598001537
"Biography,Documentary,Drama",1310,73.9137404580153
"Documentary,Game-Show,Music",1311,59.6834477498093
"Romance,Short",1334,71.7503748125937
"Comedy,Game-Show,Reality-TV",1347,75.5018559762435
"Biography,Crime,Documentary",1363,71.9097578870139
"Adventure,Family,Fantasy",1364,67.8929618768328
"Action,Sci-Fi",1376,59.1395348837209
"Game-Show,Music,Reality-TV",1380,66.9485507246377
"Action,Animation,Sci-Fi",1389,69.2714182865371
"Documentary,Family",1393,79.5893754486719
"Drama,Horror,Thriller",1408,57.1363636363636
"Adventure,Family",1412,65.5771954674221
"Adventure,Animation,Fantasy",1413,69.4727530077849
"Adventure,Comedy,Fantasy",1413,74.3687190375089
"Drama,Mystery,Sci-Fi",1429,73.2190342897131
"Action,Drama,History",1432,76.284217877095
"Crime,Drama,Horror",1434,65.8507670850767
"Drama,Short,Thriller",1439,73.1132731063238
"Adventure,Drama,Fantasy",1449,76.0193236714976
"Comedy,Horror,Short",1451,67.7146795313577
"Comedy,Family,Romance",1459,70.7361206305689
"Drama,Sci-Fi",1469,67.3955071477195
"Adventure,Documentary",1485,79.1622895622896
"Biography,Documentary,Music",1485,75.7925925925926
"Drama,Music",1518,69.7845849802372
"Comedy,Family,Music",1538,71.2230169050715
"Game-Show,Reality-TV,Romance",1552,61.7280927835052
"Adventure,Drama",1565,63.8849840255591
"Fantasy,Short",1581,69.7368753953194
"Action,Animation,Fantasy",1590,72.4654088050314
"Drama,Fantasy,Romance",1590,75.4358490566038
"Action,Drama,Fantasy",1613,73.0359578425294
"Drama,Sport",1616,71.2165841584158
"Action,Drama,Romance",1622,66.9389642416769
"Drama,Fantasy",1628,70.8648648648649
"Reality-TV,Romance",1638,64.8663003663004
"Action,Thriller",1648,56.2245145631068
"Comedy,Drama,Mystery",1713,72.4226503210741
"Action,Crime,Thriller",1725,63.376231884058
"Adventure,Game-Show,Reality-TV",1731,75.7215482380127
"Horror,Mystery,Thriller",1739,56.6221966647499
"Crime,Drama,Fantasy",1773,76.7693175408912
Biography,1777,71.504220596511
"Comedy,Musical",1780,62.1303370786517
"Action,Short",1811,72.0756488128106
"Action,Adventure,Sci-Fi",1840,66.4538043478261
Musical,1852,69.4524838012959
"Comedy,Fantasy",1869,66.9620117710005
"Action,Crime",1930,63.7243523316062
"Music,Short",1934,69.8852119958635
"Drama,Mystery,Romance",1968,73.0106707317073
History,2039,72.9141736145169
"Action,Adventure",2051,64.129205265724
"Action,Comedy",2065,62.5622276029056
"Comedy,Sci-Fi",2077,67.045739046702
"Comedy,Drama,Music",2081,71.8140317155214
"News,Talk-Show",2094,62.6523400191022
"Drama,Romance,Short",2113,70.1855182205395
"Documentary,History,War",2133,76.15096108767
"Drama,Mystery",2154,68.4610027855153
"Biography,Drama",2162,68.0388529139686
"Drama,Family,Romance",2184,73.0805860805861
Fantasy,2194,69.0606198723792
"Drama,Fantasy,Mystery",2228,73.2639138240575
"Drama,History,War",2235,75.5521252796421
"Documentary,Drama",2265,74.1611479028698
"Action,Adventure,Family",2293,69.0915830789359
"Action,Drama,Thriller",2366,67.4450549450549
"Animation,Comedy,Romance",2377,73.5115692048801
"Adventure,Animation,Drama",2391,73.5926390631535
"Drama,History,Romance",2506,74.4369513168396
"Sci-Fi,Short",2559,69.495115279406
News,2670,64.5078651685393
"Comedy,Family,Fantasy",2680,71.1171641791045
Mystery,2718,67.504782928624
"Family,Game-Show",2772,76.0808080808081
"Adventure,Comedy,Family",2892,70.4792531120332
"Short,Thriller",2892,72.8744813278008
"Crime,Thriller",2901,66.0420544639779
"Drama,Horror,Mystery",2909,63.5991749742179
Sci-Fi,2959,62.6877323420074
"Comedy,Horror",3213,59.5166511048864
"Animation,Comedy,Fantasy",3238,72.0185299567634
"Drama,War",3286,66.7845404747413
"Horror,Thriller",3289,49.1273943447856
"Adventure,Comedy,Drama",3291,72.0264357338195
"Biography,Drama,History",3332,72.4300720288115
"Documentary,News",3357,72.6097706285374
"Documentary,Sport",3383,75.9346733668342
"Animation,Family",3404,67.8678025851939
"Action,Animation,Drama",3493,74.8353850558259
"Comedy,Drama,Short",3510,71.4153846153846
"Comedy,Documentary",3516,72.7380546075085
"Action,Comedy,Crime",3525,68.1829787234043
"Drama,Mystery,Thriller",3547,69.426839582746
"Comedy,Music",3621,68.8494890914112
"Action,Adventure,Fantasy",3770,69.5241379310345
"Animation,Comedy,Short",3836,65.8545359749739
"Action,Comedy,Drama",3885,66.175546975547
"Comedy,Drama,Fantasy",4188,73.8254536771729
"Crime,Drama,Romance",4263,63.2655406990382
"Comedy,Game-Show",4389,72.3504215083162
"Comedy,Crime",4529,67.9995584014131
"Adventure,Animation,Family",4608,66.4153645833333
"Adventure,Drama,Family",4613,73.928246260568
"Drama,History",4625,72.1939459459459
"Action,Drama",4700,64.4802127659574
"Documentary,Reality-TV",4810,71.8723492723493
"Biography,Documentary",4949,71.0559709032128
"Drama,Western",5016,65.5990829346093
"Biography,Documentary,History",5073,72.4902424600828
"Comedy,Reality-TV",5079,71.9757826343768
"Drama,Family",5207,68.7434223161129
"Drama,Fantasy,Horror",5232,71.8168960244648
Adventure,5253,64.5368360936608
"Documentary,Music",5373,75.7978782802903
"Action,Adventure,Crime",5605,70.1109723461195
Animation,5713,70.7824260458603
Western,6103,74.3105030312961
"Action,Sport",6422,66.9848956711305
"Comedy,Music,Talk-Show",6529,66.6065247357942
Game-Show,6556,70.3285539963392
"Horror,Short",6969,66.0737552016071
Family,7239,66.5060091172814
Sport,7413,70.4836098745447
"Drama,Thriller",7609,65.1687475358129
Music,7621,73.5667235270962
"Comedy,News,Talk-Show",7958,65.8881628549887
"Animation,Comedy,Drama",8161,75.4054650165421
"Documentary,History",8174,74.1891362857842
Romance,8220,68.9380778588808
Thriller,9078,60.2477417933465
"Comedy,Crime,Drama",9081,73.8314062327937
Action,9193,61.9292940280648
"Animation,Comedy",9250,71.7676756756757
"Crime,Drama,Thriller",9279,70.3734238603298
"Action,Animation,Comedy",9413,72.2176776798045
Talk-Show,10242,66.6212653778559
"Game-Show,Reality-TV",10246,71.9056217060316
"Action,Adventure,Drama",10453,72.7811154692433
"Action,Adventure,Comedy",10874,67.5949052786463
"Crime,Documentary",11103,73.0083761145636
"Comedy,Drama,Family",11756,73.8381252126574
Horror,11844,51.1026680175616
Crime,11928,68.3296445338699
"Animation,Short",12369,64.3404478939284
"Comedy,Talk-Show",12603,67.8323415059906
"Comedy,Family",13732,72.7057238566851
"Animation,Comedy,Family",13863,69.8611411671355
Adult,15983,63.2843020709504
"Comedy,Romance",16889,68.2566759429214
"Comedy,Drama,Romance",18925,71.7706737120211
"Crime,Drama",19173,70.4552756480467
"Action,Crime,Drama",20407,72.9899054246092
"Documentary,Short",22016,66.3909429505814
"Comedy,Short",22712,68.350519549137
Short,27675,66.5253477868112
"Adventure,Animation,Comedy",28196,70.695453255781
"Crime,Drama,Mystery",30167,73.7593728246097
"Drama,Short",30359,70.4805494252116
"Comedy,Drama",30719,70.4790520524757
"Drama,Romance",34587,70.6751091450545
Reality-TV,39488,69.8307080632091
"Action,Adventure,Animation",50556,74.2824392752591
Documentary,90015,73.140565461312
Drama,120371,68.4542954698391
Comedy,126279,68.6768187901393
